Country,Code,Year,Electricity_Access
Aruba,ABW,1990,100.0
Albania,ALB,1990,100.0
Andorra,AND,1990,100.0
United Arab Emirates,ARE,1990,100.0
Argentina,ARG,1990,92.1548004150391
Antigua and Barbuda,ATG,1990,95.7630462646484
Australia,AUS,1990,100.0
Austria,AUT,1990,100.0
Belgium,BEL,1990,100.0
Bulgaria,BGR,1990,100.0
Bahrain,BHR,1990,99.9413986206055
"Bahamas, The",BHS,1990,100.0
Bosnia and Herzegovina,BIH,1990,100.0
Belarus,BLR,1990,100.0
Bermuda,BMU,1990,100.0
Brazil,BRA,1990,87.475116
Barbados,BRB,1990,99.9842529296875
Brunei Darussalam,BRN,1990,100.0
Canada,CAN,1990,100.0
Central Europe and the Baltics,CEB,1990,100.0
Switzerland,CHE,1990,100.0
Channel Islands,CHI,1990,100.0
Chile,CHL,1990,92.257427
Colombia,COL,1990,89.9
Curacao,CUW,1990,100.0
Cayman Islands,CYM,1990,99.846923828125
Cyprus,CYP,1990,100.0
Czechia,CZE,1990,100.0
Germany,DEU,1990,100.0
Denmark,DNK,1990,100.0
Europe & Central Asia,ECS,1990,100.0
Euro area,EMU,1990,100.0
Spain,ESP,1990,100.0
Estonia,EST,1990,100.0
European Union,EUU,1990,100.0
Finland,FIN,1990,100.0
France,FRA,1990,100.0
Faroe Islands,FRO,1990,100.0
United Kingdom,GBR,1990,100.0
Gibraltar,GIB,1990,100.0
Greece,GRC,1990,100.0
Greenland,GRL,1990,100.0
Guam,GUM,1990,99.8443069458008
High income,HIC,1990,99.8410486296657
"Hong Kong SAR, China",HKG,1990,100.0
Croatia,HRV,1990,100.0
Hungary,HUN,1990,100.0
Isle of Man,IMN,1990,100.0
Ireland,IRL,1990,100.0
Iceland,ISL,1990,100.0
Israel,ISR,1990,100.0
Italy,ITA,1990,100.0
Jamaica,JAM,1990,70.334586
Jordan,JOR,1990,96.8
Japan,JPN,1990,100.0
St. Kitts and Nevis,KNA,1990,91.3068161010742
"Korea, Rep.",KOR,1990,99.8828430175781
Kuwait,KWT,1990,100.0
Liechtenstein,LIE,1990,100.0
Lithuania,LTU,1990,100.0
Luxembourg,LUX,1990,100.0
Latvia,LVA,1990,100.0
"Macao SAR, China",MAC,1990,99.8492813110352
St. Martin (French part),MAF,1990,100.0
Monaco,MCO,1990,100.0
Moldova,MDA,1990,100.0
North Macedonia,MKD,1990,100.0
Malta,MLT,1990,100.0
Montenegro,MNE,1990,100.0
Northern Mariana Islands,MNP,1990,99.8532638549805
Mauritius,MUS,1990,99.0415649414063
North America,NAC,1990,100.0
New Caledonia,NCL,1990,99.8443069458008
Nigeria,NGA,1990,27.3
Netherlands,NLD,1990,100.0
Norway,NOR,1990,100.0
Nauru,NRU,1990,98.9990844726563
New Zealand,NZL,1990,100.0
OECD members,OED,1990,99.5478013270206
Oman,OMN,1990,100.0
Panama,PAN,1990,70.19
Palau,PLW,1990,96.6253509521484
Poland,POL,1990,100.0
Puerto Rico (US),PRI,1990,99.9834289550781
Portugal,PRT,1990,100.0
Post-demographic dividend,PST,1990,99.994396586414
French Polynesia,PYF,1990,100.0
Qatar,QAT,1990,100.0
Romania,ROU,1990,100.0
Russian Federation,RUS,1990,100.0
Saudi Arabia,SAU,1990,100.0
Sudan,SDN,1990,32.8
Singapore,SGP,1990,100.0
San Marino,SMR,1990,100.0
Serbia,SRB,1990,100.0
Slovak Republic,SVK,1990,100.0
Slovenia,SVN,1990,100.0
Sweden,SWE,1990,100.0
Sint Maarten (Dutch part),SXM,1990,100.0
Turks and Caicos Islands,TCA,1990,88.7
Europe & Central Asia (IDA & IBRD countries),TEC,1990,100.0
Ukraine,UKR,1990,100.0
United States,USA,1990,100.0
British Virgin Islands,VGB,1990,94.606559753418
Virgin Islands (U.S.),VIR,1990,100.0
Kosovo,XKX,1990,100.0
Zambia,ZMB,1990,13.9
Aruba,ABW,1991,99.1536560058594
Albania,ALB,1991,100.0
Andorra,AND,1991,100.0
United Arab Emirates,ARE,1991,100.0
Argentina,ARG,1991,92.4921875
Antigua and Barbuda,ATG,1991,95.9406509399414
Australia,AUS,1991,100.0
Austria,AUT,1991,100.0
Belgium,BEL,1991,100.0
Bangladesh,BGD,1991,14.29
Bulgaria,BGR,1991,100.0
Bahrain,BHR,1991,99.9673919677734
"Bahamas, The",BHS,1991,100.0
Bosnia and Herzegovina,BIH,1991,100.0
Belarus,BLR,1991,100.0
Belize,BLZ,1991,67.0
Bermuda,BMU,1991,100.0
Brazil,BRA,1991,90.6065444946289
Barbados,BRB,1991,99.9934387207031
Brunei Darussalam,BRN,1991,100.0
Botswana,BWA,1991,10.1
Canada,CAN,1991,100.0
Central Europe and the Baltics,CEB,1991,100.0
Switzerland,CHE,1991,100.0
Channel Islands,CHI,1991,100.0
Chile,CHL,1991,94.781623840332
Cameroon,CMR,1991,29.0
Colombia,COL,1991,91.8366546630859
Curacao,CUW,1991,100.0
Cayman Islands,CYM,1991,99.8788146972656
Cyprus,CYP,1991,100.0
Czechia,CZE,1991,100.0
Germany,DEU,1991,100.0
Denmark,DNK,1991,100.0
Dominican Republic,DOM,1991,78.2
Europe & Central Asia,ECS,1991,100.0
Euro area,EMU,1991,100.0
Spain,ESP,1991,100.0
Estonia,EST,1991,100.0
European Union,EUU,1991,100.0
Finland,FIN,1991,100.0
France,FRA,1991,100.0
Faroe Islands,FRO,1991,100.0
United Kingdom,GBR,1991,100.0
Gibraltar,GIB,1991,100.0
Greece,GRC,1991,100.0
Greenland,GRL,1991,100.0
Guam,GUM,1991,99.8758163452148
High income,HIC,1991,99.8771376921154
"Hong Kong SAR, China",HKG,1991,100.0
Honduras,HND,1991,54.781937
Croatia,HRV,1991,100.0
Hungary,HUN,1991,100.0
Indonesia,IDN,1991,48.9
Isle of Man,IMN,1991,100.0
Ireland,IRL,1991,100.0
Iceland,ISL,1991,100.0
Israel,ISR,1991,100.0
Italy,ITA,1991,100.0
Jamaica,JAM,1991,77.2288665771484
Jordan,JOR,1991,97.8546829223633
Japan,JPN,1991,100.0
St. Kitts and Nevis,KNA,1991,91.6711730957031
"Korea, Rep.",KOR,1991,99.9126739501953
Kuwait,KWT,1991,100.0
Liechtenstein,LIE,1991,100.0
Lithuania,LTU,1991,100.0
Luxembourg,LUX,1991,100.0
Latvia,LVA,1991,100.0
"Macao SAR, China",MAC,1991,99.8805847167969
St. Martin (French part),MAF,1991,100.0
Monaco,MCO,1991,100.0
Moldova,MDA,1991,100.0
North Macedonia,MKD,1991,100.0
Malta,MLT,1991,100.0
Montenegro,MNE,1991,100.0
Northern Mariana Islands,MNP,1991,99.8843765258789
Mauritius,MUS,1991,99.0706787109375
North America,NAC,1991,100.0
New Caledonia,NCL,1991,99.8758163452148
Nigeria,NGA,1991,35.2346000671387
Netherlands,NLD,1991,100.0
Norway,NOR,1991,100.0
Nauru,NRU,1991,99.0413055419922
New Zealand,NZL,1991,100.0
OECD members,OED,1991,99.6454283887245
Oman,OMN,1991,100.0
Panama,PAN,1991,73.4431304931641
Palau,PLW,1991,96.7627029418945
Poland,POL,1991,100.0
Puerto Rico (US),PRI,1991,99.9930953979492
Portugal,PRT,1991,100.0
Post-demographic dividend,PST,1991,99.9957506180665
French Polynesia,PYF,1991,100.0
Qatar,QAT,1991,100.0
Romania,ROU,1991,100.0
Russian Federation,RUS,1991,100.0
Saudi Arabia,SAU,1991,100.0
Sudan,SDN,1991,26.9192943572998
Singapore,SGP,1991,100.0
El Salvador,SLV,1991,69.60788
San Marino,SMR,1991,100.0
Serbia,SRB,1991,100.0
Slovak Republic,SVK,1991,100.0
Slovenia,SVN,1991,100.0
Sweden,SWE,1991,100.0
Sint Maarten (Dutch part),SXM,1991,100.0
Turks and Caicos Islands,TCA,1991,91.0539093017578
Europe & Central Asia (IDA & IBRD countries),TEC,1991,100.0
Uganda,UGA,1991,5.6
Ukraine,UKR,1991,100.0
United States,USA,1991,100.0
St. Vincent and the Grenadines,VCT,1991,66.8
British Virgin Islands,VGB,1991,94.8247375488281
Virgin Islands (U.S.),VIR,1991,100.0
Samoa,WSM,1991,78.8
Kosovo,XKX,1991,100.0
Zambia,ZMB,1991,12.7527027130127
Aruba,ABW,1992,99.1971282958984
Albania,ALB,1992,100.0
Andorra,AND,1992,100.0
United Arab Emirates,ARE,1992,100.0
Argentina,ARG,1992,92.8294525146484
Antigua and Barbuda,ATG,1992,96.1181335449219
Australia,AUS,1992,100.0
Austria,AUT,1992,100.0
Belgium,BEL,1992,100.0
Bangladesh,BGD,1992,9.90541934967041
Bulgaria,BGR,1992,100.0
Bahrain,BHR,1992,99.9871826171875
"Bahamas, The",BHS,1992,100.0
Bosnia and Herzegovina,BIH,1992,100.0
Belarus,BLR,1992,100.0
Belize,BLZ,1992,72.2249145507813
Bermuda,BMU,1992,100.0
Bolivia,BOL,1992,60.0279006958008
Brazil,BRA,1992,88.803833
Barbados,BRB,1992,99.9986877441406
Brunei Darussalam,BRN,1992,100.0
Botswana,BWA,1992,9.39822673797607
Canada,CAN,1992,100.0
Central Europe and the Baltics,CEB,1992,100.0
Switzerland,CHE,1992,100.0
Channel Islands,CHI,1992,100.0
Chile,CHL,1992,94.560057
Cameroon,CMR,1992,32.6975250244141
Colombia,COL,1992,92.1326599121094
Curacao,CUW,1992,100.0
Cayman Islands,CYM,1992,99.9102401733398
Cyprus,CYP,1992,100.0
Czechia,CZE,1992,100.0
Germany,DEU,1992,100.0
Denmark,DNK,1992,100.0
Dominican Republic,DOM,1992,82.4854049682617
Europe & Central Asia,ECS,1992,100.0
"Egypt, Arab Rep.",EGY,1992,93.4
Euro area,EMU,1992,100.0
Spain,ESP,1992,100.0
Estonia,EST,1992,100.0
European Union,EUU,1992,100.0
Finland,FIN,1992,100.0
France,FRA,1992,100.0
Faroe Islands,FRO,1992,100.0
United Kingdom,GBR,1992,100.0
Gibraltar,GIB,1992,100.0
Greece,GRC,1992,100.0
Greenland,GRL,1992,100.0
Guam,GUM,1992,99.906867980957
High income,HIC,1992,99.8662160261871
"Hong Kong SAR, China",HKG,1992,100.0
Honduras,HND,1992,58.913112
Croatia,HRV,1992,100.0
Hungary,HUN,1992,100.0
Indonesia,IDN,1992,66.6965637207031
Isle of Man,IMN,1992,100.0
Ireland,IRL,1992,100.0
Iceland,ISL,1992,100.0
Israel,ISR,1992,100.0
Italy,ITA,1992,100.0
Jamaica,JAM,1992,78.0329208374023
Jordan,JOR,1992,97.9748611450195
Japan,JPN,1992,100.0
St. Kitts and Nevis,KNA,1992,92.0354309082031
"Korea, Rep.",KOR,1992,99.9422149658203
Kuwait,KWT,1992,100.0
Latin America & Caribbean (excluding high income),LAC,1992,87.8774873920044
Latin America & Caribbean,LCN,1992,88.7344813622263
Liechtenstein,LIE,1992,100.0
Lithuania,LTU,1992,100.0
Luxembourg,LUX,1992,100.0
Latvia,LVA,1992,100.0
"Macao SAR, China",MAC,1992,99.9114303588867
St. Martin (French part),MAF,1992,100.0
Morocco,MAR,1992,49.2
Monaco,MCO,1992,100.0
Moldova,MDA,1992,100.0
Madagascar,MDG,1992,9.2
Mexico,MEX,1992,93.145981
North Macedonia,MKD,1992,100.0
Malta,MLT,1992,100.0
Montenegro,MNE,1992,100.0
Northern Mariana Islands,MNP,1992,99.9150314331055
Mauritius,MUS,1992,99.0996780395508
Malawi,MWI,1992,3.2
North America,NAC,1992,100.0
Namibia,NAM,1992,26.4
New Caledonia,NCL,1992,99.906867980957
Niger,NER,1992,4.4
Nigeria,NGA,1992,36.0994606018066
Netherlands,NLD,1992,100.0
Norway,NOR,1992,100.0
Nauru,NRU,1992,99.0834197998047
New Zealand,NZL,1992,100.0
OECD members,OED,1992,99.1258212322376
Oman,OMN,1992,100.0
Panama,PAN,1992,74.2556381225586
Peru,PER,1992,70.1
Palau,PLW,1992,96.8999328613281
Poland,POL,1992,100.0
Puerto Rico (US),PRI,1992,99.9986190795898
Portugal,PRT,1992,100.0
Post-demographic dividend,PST,1992,99.997093795937
French Polynesia,PYF,1992,100.0
Qatar,QAT,1992,100.0
Romania,ROU,1992,100.0
Russian Federation,RUS,1992,100.0
Rwanda,RWA,1992,2.3
Saudi Arabia,SAU,1992,100.0
Sudan,SDN,1992,27.4086132049561
Singapore,SGP,1992,100.0
El Salvador,SLV,1992,75.3321914672852
San Marino,SMR,1992,100.0
Serbia,SRB,1992,100.0
Slovak Republic,SVK,1992,100.0
Slovenia,SVN,1992,100.0
Sweden,SWE,1992,100.0
Sint Maarten (Dutch part),SXM,1992,100.0
Turks and Caicos Islands,TCA,1992,91.4391174316406
Europe & Central Asia (IDA & IBRD countries),TEC,1992,100.0
Latin America & the Caribbean (IDA & IBRD countries),TLA,1992,88.6137508115355
Tanzania,TZA,1992,6.8
Ukraine,UKR,1992,100.0
Uruguay,URY,1992,96.1823120117188
United States,USA,1992,100.0
St. Vincent and the Grenadines,VCT,1992,69.1144332885742
"Venezuela, RB",VEN,1992,97.820203
British Virgin Islands,VGB,1992,95.0428009033203
Virgin Islands (U.S.),VIR,1992,100.0
Samoa,WSM,1992,81.6401672363281
Kosovo,XKX,1992,100.0
"Yemen, Rep.",YEM,1992,44.1
Zambia,ZMB,1992,19.2
Zimbabwe,ZWE,1992,28.2
Aruba,ABW,1993,99.2399139404297
Africa Western and Central,AFW,1993,31.6534685725078
Albania,ALB,1993,100.0
Andorra,AND,1993,100.0
United Arab Emirates,ARE,1993,100.0
Argentina,ARG,1993,93.1660461425781
Antigua and Barbuda,ATG,1993,96.2949447631836
Australia,AUS,1993,100.0
Austria,AUT,1993,100.0
Belgium,BEL,1993,100.0
Burkina Faso,BFA,1993,6.1
Bangladesh,BGD,1993,12.7178802490234
Bulgaria,BGR,1993,100.0
Bahrain,BHR,1993,99.9971389770508
"Bahamas, The",BHS,1993,100.0
Bosnia and Herzegovina,BIH,1993,100.0
Belarus,BLR,1993,100.0
Belize,BLZ,1993,73.1233291625977
Bermuda,BMU,1993,100.0
Bolivia,BOL,1993,61.3840293884277
Brazil,BRA,1993,89.999927
Barbados,BRB,1993,100.0
Brunei Darussalam,BRN,1993,100.0
Botswana,BWA,1993,11.6420764923096
Canada,CAN,1993,100.0
Central Europe and the Baltics,CEB,1993,100.0
Switzerland,CHE,1993,100.0
Channel Islands,CHI,1993,100.0
Chile,CHL,1993,95.2737274169922
Cameroon,CMR,1993,33.849193572998
Colombia,COL,1993,92.4279937744141
Curacao,CUW,1993,100.0
Cayman Islands,CYM,1993,100.0
Cyprus,CYP,1993,100.0
Czechia,CZE,1993,100.0
Germany,DEU,1993,100.0
Denmark,DNK,1993,100.0
Dominican Republic,DOM,1993,83.2554931640625
Early-demographic dividend,EAR,1993,55.6089748959427
Europe & Central Asia,ECS,1993,100.0
"Egypt, Arab Rep.",EGY,1993,95.3922424316406
Euro area,EMU,1993,100.0
Spain,ESP,1993,100.0
Estonia,EST,1993,100.0
European Union,EUU,1993,100.0
Finland,FIN,1993,100.0
France,FRA,1993,100.0
Faroe Islands,FRO,1993,100.0
United Kingdom,GBR,1993,100.0
Ghana,GHA,1993,30.6
Gibraltar,GIB,1993,100.0
"Gambia, The",GMB,1993,17.7
Greece,GRC,1993,100.0
Greenland,GRL,1993,100.0
Guam,GUM,1993,99.937255859375
Guyana,GUY,1993,72.376631
High income,HIC,1993,99.859190541875
"Hong Kong SAR, China",HKG,1993,100.0
Honduras,HND,1993,61.100156
Croatia,HRV,1993,100.0
Hungary,HUN,1993,100.0
Indonesia,IDN,1993,55.43
Isle of Man,IMN,1993,100.0
India,IND,1993,50.9
Ireland,IRL,1993,100.0
Iceland,ISL,1993,100.0
Israel,ISR,1993,100.0
Italy,ITA,1993,100.0
Jamaica,JAM,1993,78.836296081543
Jordan,JOR,1993,98.0943603515625
Japan,JPN,1993,100.0
Kenya,KEN,1993,10.9
St. Kitts and Nevis,KNA,1993,92.3990020751953
"Korea, Rep.",KOR,1993,99.9694366455078
Kuwait,KWT,1993,100.0
Latin America & Caribbean (excluding high income),LAC,1993,88.5479744389736
Lao PDR,LAO,1993,31.0
Latin America & Caribbean,LCN,1993,89.343452335519
Liechtenstein,LIE,1993,100.0
Lower middle income,LMC,1993,47.1481939771997
Lithuania,LTU,1993,100.0
Luxembourg,LUX,1993,100.0
Latvia,LVA,1993,100.0
"Macao SAR, China",MAC,1993,99.9416198730469
St. Martin (French part),MAF,1993,100.0
Morocco,MAR,1993,56.7726516723633
Monaco,MCO,1993,100.0
Moldova,MDA,1993,100.0
Madagascar,MDG,1993,10.1056232452393
Mexico,MEX,1993,95.4484634399414
North Macedonia,MKD,1993,100.0
Malta,MLT,1993,100.0
Montenegro,MNE,1993,100.0
Northern Mariana Islands,MNP,1993,99.9449234008789
Mauritius,MUS,1993,99.1280059814453
Malawi,MWI,1993,1.55355584621429
North America,NAC,1993,100.0
Namibia,NAM,1993,27.0
New Caledonia,NCL,1993,99.937255859375
Niger,NER,1993,4.01213979721069
Nigeria,NGA,1993,36.9636459350586
Nicaragua,NIC,1993,72.064174
Netherlands,NLD,1993,100.0
Norway,NOR,1993,100.0
Nauru,NRU,1993,99.1248550415039
New Zealand,NZL,1993,100.0
OECD members,OED,1993,99.324175746866
Oman,OMN,1993,100.0
Panama,PAN,1993,75.0674591064453
Peru,PER,1993,64.7489929199219
Philippines,PHL,1993,65.4
Palau,PLW,1993,97.036491394043
Poland,POL,1993,100.0
Puerto Rico (US),PRI,1993,100.0
Portugal,PRT,1993,100.0
Post-demographic dividend,PST,1993,99.9983399457616
French Polynesia,PYF,1993,100.0
Qatar,QAT,1993,100.0
Romania,ROU,1993,100.0
Russian Federation,RUS,1993,100.0
South Asia,SAS,1993,46.5639839682946
Saudi Arabia,SAU,1993,100.0
Sudan,SDN,1993,27.897253036499
Senegal,SEN,1993,26.0
Singapore,SGP,1993,100.0
El Salvador,SLV,1993,76.2761383056641
San Marino,SMR,1993,100.0
Serbia,SRB,1993,100.0
Slovak Republic,SVK,1993,100.0
Slovenia,SVN,1993,100.0
Sweden,SWE,1993,100.0
Sint Maarten (Dutch part),SXM,1993,100.0
Turks and Caicos Islands,TCA,1993,91.8236465454102
Europe & Central Asia (IDA & IBRD countries),TEC,1993,100.0
Latin America & the Caribbean (IDA & IBRD countries),TLA,1993,89.2315013990268
South Asia (IDA & IBRD),TSA,1993,46.5639839682946
Tanzania,TZA,1993,2.33018779754639
Ukraine,UKR,1993,100.0
Uruguay,URY,1993,96.3630599975586
United States,USA,1993,100.0
St. Vincent and the Grenadines,VCT,1993,70.46484375
"Venezuela, RB",VEN,1993,98.2395324707031
British Virgin Islands,VGB,1993,95.2601928710938
Virgin Islands (U.S.),VIR,1993,100.0
Samoa,WSM,1993,82.4245910644531
Kosovo,XKX,1993,100.0
"Yemen, Rep.",YEM,1993,40.774715423584
Zambia,ZMB,1993,14.213207244873
Zimbabwe,ZWE,1993,31.163667678833
Aruba,ABW,1994,100.0
Africa Western and Central,AFW,1994,32.6922076344145
Albania,ALB,1994,100.0
Andorra,AND,1994,100.0
United Arab Emirates,ARE,1994,100.0
Argentina,ARG,1994,93.5012741088867
Antigua and Barbuda,ATG,1994,96.4703903198242
Australia,AUS,1994,100.0
Austria,AUT,1994,100.0
Belgium,BEL,1994,100.0
Burkina Faso,BFA,1994,6.12501001358032
Bangladesh,BGD,1994,17.8
Bulgaria,BGR,1994,100.0
Bahrain,BHR,1994,99.9997711181641
"Bahamas, The",BHS,1994,100.0
Bosnia and Herzegovina,BIH,1994,100.0
Belarus,BLR,1994,100.0
Belize,BLZ,1994,74.0203857421875
Bermuda,BMU,1994,100.0
Bolivia,BOL,1994,64.1
Brazil,BRA,1994,91.8837280273438
Barbados,BRB,1994,100.0
Brunei Darussalam,BRN,1994,100.0
Botswana,BWA,1994,13.8845663070679
Canada,CAN,1994,100.0
Central Europe and the Baltics,CEB,1994,100.0
Switzerland,CHE,1994,100.0
Channel Islands,CHI,1994,100.0
Chile,CHL,1994,95.5180740356445
Cote d'Ivoire,CIV,1994,36.5
Cameroon,CMR,1994,34.9995040893555
Colombia,COL,1994,92.7219619750977
Curacao,CUW,1994,100.0
Cayman Islands,CYM,1994,100.0
Cyprus,CYP,1994,100.0
Czechia,CZE,1994,100.0
Germany,DEU,1994,100.0
Denmark,DNK,1994,100.0
Dominican Republic,DOM,1994,84.0242233276367
Early-demographic dividend,EAR,1994,56.3713266197119
Europe & Central Asia,ECS,1994,100.0
"Egypt, Arab Rep.",EGY,1994,95.6485366821289
Euro area,EMU,1994,100.0
Spain,ESP,1994,100.0
Estonia,EST,1994,100.0
European Union,EUU,1994,100.0
Finland,FIN,1994,100.0
France,FRA,1994,100.0
Faroe Islands,FRO,1994,100.0
United Kingdom,GBR,1994,100.0
Ghana,GHA,1994,30.36940574646
Gibraltar,GIB,1994,100.0
"Gambia, The",GMB,1994,18.2500495910645
Greece,GRC,1994,100.0
Greenland,GRL,1994,100.0
Guam,GUM,1994,99.9650802612305
Guyana,GUY,1994,70.713981628418
High income,HIC,1994,99.8623289035528
"Hong Kong SAR, China",HKG,1994,100.0
Honduras,HND,1994,64.733947
Croatia,HRV,1994,100.0
Hungary,HUN,1994,100.0
Indonesia,IDN,1994,62.8
Isle of Man,IMN,1994,100.0
India,IND,1994,49.8113098144531
Ireland,IRL,1994,100.0
Iceland,ISL,1994,100.0
Israel,ISR,1994,100.0
Italy,ITA,1994,100.0
Jamaica,JAM,1994,79.638313293457
Jordan,JOR,1994,98.2125015258789
Japan,JPN,1994,100.0
Kenya,KEN,1994,3.47343683242798
St. Kitts and Nevis,KNA,1994,92.7612075805664
"Korea, Rep.",KOR,1994,99.9891204833984
Kuwait,KWT,1994,100.0
Latin America & Caribbean (excluding high income),LAC,1994,89.5397421502771
Lao PDR,LAO,1994,25.6057929992676
Latin America & Caribbean,LCN,1994,90.2410137033078
Liechtenstein,LIE,1994,100.0
Lower middle income,LMC,1994,47.1086389483282
Lithuania,LTU,1994,100.0
Luxembourg,LUX,1994,100.0
Latvia,LVA,1994,100.0
"Macao SAR, China",MAC,1994,100.0
St. Martin (French part),MAF,1994,100.0
Morocco,MAR,1994,58.6088981628418
Monaco,MCO,1994,100.0
Moldova,MDA,1994,100.0
Madagascar,MDG,1994,10.5616483688354
Mexico,MEX,1994,95.238294
North Macedonia,MKD,1994,100.0
Malta,MLT,1994,100.0
Montenegro,MNE,1994,100.0
Northern Mariana Islands,MNP,1994,99.9716415405273
Mauritius,MUS,1994,99.1549682617188
Malawi,MWI,1994,2.01366138458252
North America,NAC,1994,100.0
Namibia,NAM,1994,28.9325885772705
New Caledonia,NCL,1994,99.9650802612305
Niger,NER,1994,4.57177639007568
Nigeria,NGA,1994,37.8264694213867
Nicaragua,NIC,1994,69.2538299560547
Netherlands,NLD,1994,100.0
Norway,NOR,1994,100.0
Nauru,NRU,1994,99.164924621582
New Zealand,NZL,1994,100.0
OECD members,OED,1994,99.3132420696542
Oman,OMN,1994,100.0
Panama,PAN,1994,75.8779220581055
Peru,PER,1994,66.0529327392578
Philippines,PHL,1994,68.0185546875
Palau,PLW,1994,97.1716842651367
Poland,POL,1994,100.0
Puerto Rico (US),PRI,1994,100.0
Portugal,PRT,1994,100.0
Post-demographic dividend,PST,1994,99.9992630205594
French Polynesia,PYF,1994,100.0
Qatar,QAT,1994,100.0
Romania,ROU,1994,100.0
Russian Federation,RUS,1994,100.0
South Asia,SAS,1994,46.182183503465
Saudi Arabia,SAU,1994,100.0
Sudan,SDN,1994,28.3845348358154
Senegal,SEN,1994,27.190486907959
Singapore,SGP,1994,100.0
El Salvador,SLV,1994,77.2187194824219
San Marino,SMR,1994,100.0
Serbia,SRB,1994,100.0
Slovak Republic,SVK,1994,100.0
Slovenia,SVN,1994,100.0
Sweden,SWE,1994,100.0
Sint Maarten (Dutch part),SXM,1994,100.0
Seychelles,SYC,1994,90.0
Turks and Caicos Islands,TCA,1994,92.2068176269531
Europe & Central Asia (IDA & IBRD countries),TEC,1994,100.0
Latin America & the Caribbean (IDA & IBRD countries),TLA,1994,90.139056071381
Tonga,TON,1994,80.0
South Asia (IDA & IBRD),TSA,1994,46.182183503465
Tunisia,TUN,1994,86.8
Tanzania,TZA,1994,3.30064725875854
Uganda,UGA,1994,0.533898532390594
Ukraine,UKR,1994,100.0
Uruguay,URY,1994,96.5424499511719
United States,USA,1994,100.0
St. Vincent and the Grenadines,VCT,1994,71.8138961791992
"Venezuela, RB",VEN,1994,98.3233337402344
British Virgin Islands,VGB,1994,95.4762191772461
Virgin Islands (U.S.),VIR,1994,100.0
Vanuatu,VUT,1994,18.0
Samoa,WSM,1994,80.0
Kosovo,XKX,1994,100.0
"Yemen, Rep.",YEM,1994,41.9851341247559
Zambia,ZMB,1994,14.9417591094971
Zimbabwe,ZWE,1994,28.1
Aruba,ABW,1995,100.0
Africa Western and Central,AFW,1995,33.6948353431794
Albania,ALB,1995,100.0
Andorra,AND,1995,100.0
United Arab Emirates,ARE,1995,100.0
Argentina,ARG,1995,93.8344650268555
Antigua and Barbuda,ATG,1995,96.643798828125
Australia,AUS,1995,100.0
Austria,AUT,1995,100.0
Belgium,BEL,1995,100.0
Burkina Faso,BFA,1995,6.62533283233643
Bangladesh,BGD,1995,18.3380451202393
Bulgaria,BGR,1995,100.0
Bahrain,BHR,1995,100.0
"Bahamas, The",BHS,1995,100.0
Bosnia and Herzegovina,BIH,1995,100.0
Belarus,BLR,1995,100.0
Belize,BLZ,1995,74.915397644043
Bermuda,BMU,1995,100.0
Bolivia,BOL,1995,64.0915298461914
Brazil,BRA,1995,91.728598
Barbados,BRB,1995,100.0
Brunei Darussalam,BRN,1995,100.0
Botswana,BWA,1995,16.1250171661377
Central African Republic,CAF,1995,3.0
Canada,CAN,1995,100.0
Central Europe and the Baltics,CEB,1995,100.0
Switzerland,CHE,1995,100.0
Channel Islands,CHI,1995,100.0
Chile,CHL,1995,95.760383605957
Cote d'Ivoire,CIV,1995,43.6312522888184
Cameroon,CMR,1995,36.1477737426758
Colombia,COL,1995,91.2
Curacao,CUW,1995,100.0
Cayman Islands,CYM,1995,100.0
Cyprus,CYP,1995,100.0
Czechia,CZE,1995,100.0
Germany,DEU,1995,100.0
Denmark,DNK,1995,100.0
Dominican Republic,DOM,1995,84.7909088134766
Early-demographic dividend,EAR,1995,58.1326483271774
Europe & Central Asia,ECS,1995,99.9977549301429
Ecuador,ECU,1995,89.830167
"Egypt, Arab Rep.",EGY,1995,95.5
Euro area,EMU,1995,100.0
Eritrea,ERI,1995,22.9
Spain,ESP,1995,100.0
Estonia,EST,1995,100.0
European Union,EUU,1995,100.0
Finland,FIN,1995,100.0
France,FRA,1995,100.0
Faroe Islands,FRO,1995,100.0
United Kingdom,GBR,1995,100.0
Ghana,GHA,1995,32.4504508972168
Gibraltar,GIB,1995,100.0
"Gambia, The",GMB,1995,19.921443939209
Greece,GRC,1995,100.0
Greenland,GRL,1995,100.0
Guatemala,GTM,1995,60.8
Guam,GUM,1995,100.0
Guyana,GUY,1995,71.3519821166992
High income,HIC,1995,99.8673397055848
"Hong Kong SAR, China",HKG,1995,100.0
Honduras,HND,1995,66.122022
Croatia,HRV,1995,100.0
Haiti,HTI,1995,31.3
Hungary,HUN,1995,100.0
Indonesia,IDN,1995,66.86
Isle of Man,IMN,1995,100.0
India,IND,1995,51.4087753295898
Ireland,IRL,1995,100.0
Iceland,ISL,1995,100.0
Israel,ISR,1995,100.0
Italy,ITA,1995,100.0
Jamaica,JAM,1995,80.4382934570313
Jordan,JOR,1995,98.3285980224609
Japan,JPN,1995,100.0
Kazakhstan,KAZ,1995,99.9
Kenya,KEN,1995,5.42734336853027
St. Kitts and Nevis,KNA,1995,93.1213836669922
"Korea, Rep.",KOR,1995,100.0
Kuwait,KWT,1995,100.0
Latin America & Caribbean (excluding high income),LAC,1995,87.7370113065908
Lao PDR,LAO,1995,25.0
Latin America & Caribbean,LCN,1995,88.6212635966981
Liechtenstein,LIE,1995,100.0
Lower middle income,LMC,1995,48.3438497628221
Lithuania,LTU,1995,100.0
Luxembourg,LUX,1995,100.0
Latvia,LVA,1995,100.0
"Macao SAR, China",MAC,1995,100.0
St. Martin (French part),MAF,1995,100.0
Morocco,MAR,1995,56.5
Monaco,MCO,1995,100.0
Moldova,MDA,1995,100.0
Madagascar,MDG,1995,11.0156345367432
Mexico,MEX,1995,95.8944625854492
North Macedonia,MKD,1995,100.0
Malta,MLT,1995,100.0
Montenegro,MNE,1995,100.0
Northern Mariana Islands,MNP,1995,100.0
Mauritius,MUS,1995,99.1798858642578
Malawi,MWI,1995,2.47172713279724
North America,NAC,1995,100.0
Namibia,NAM,1995,29.9521484375
New Caledonia,NCL,1995,100.0
Niger,NER,1995,6.2
Nigeria,NGA,1995,38.6872520446777
Nicaragua,NIC,1995,69.8499069213867
Netherlands,NLD,1995,100.0
Norway,NOR,1995,100.0
Nauru,NRU,1995,99.2029571533203
New Zealand,NZL,1995,100.0
OECD members,OED,1995,99.3143991104613
Oman,OMN,1995,100.0
Panama,PAN,1995,76.6863403320313
Peru,PER,1995,67.3548355102539
Philippines,PHL,1995,69.1331176757813
Palau,PLW,1995,97.3048400878906
Poland,POL,1995,100.0
Puerto Rico (US),PRI,1995,100.0
Portugal,PRT,1995,100.0
Paraguay,PRY,1995,77.469114
Post-demographic dividend,PST,1995,99.9997675203638
French Polynesia,PYF,1995,100.0
Qatar,QAT,1995,100.0
Romania,ROU,1995,100.0
Russian Federation,RUS,1995,100.0
South Asia,SAS,1995,47.6646821855425
Saudi Arabia,SAU,1995,100.0
Sudan,SDN,1995,28.8697834014893
Senegal,SEN,1995,28.8571910858154
Singapore,SGP,1995,100.0
El Salvador,SLV,1995,76.995504
San Marino,SMR,1995,100.0
Serbia,SRB,1995,100.0
Slovak Republic,SVK,1995,100.0
Slovenia,SVN,1995,100.0
Sweden,SWE,1995,100.0
Sint Maarten (Dutch part),SXM,1995,100.0
Seychelles,SYC,1995,92.1736526489258
Turks and Caicos Islands,TCA,1995,92.5879440307617
Europe & Central Asia (IDA & IBRD countries),TEC,1995,99.9948283312926
Latin America & the Caribbean (IDA & IBRD countries),TLA,1995,88.5118249313624
Tonga,TON,1995,81.7884750366211
South Asia (IDA & IBRD),TSA,1995,47.6646821855425
Tunisia,TUN,1995,88.7
Tanzania,TZA,1995,4.26906728744507
Uganda,UGA,1995,6.8
Ukraine,UKR,1995,100.0
Uruguay,URY,1995,96.7197952270508
United States,USA,1995,100.0
St. Vincent and the Grenadines,VCT,1995,73.1609039306641
"Venezuela, RB",VEN,1995,99.0
British Virgin Islands,VGB,1995,95.6902008056641
Virgin Islands (U.S.),VIR,1995,100.0
Vanuatu,VUT,1995,12.9416437149048
Samoa,WSM,1995,83.9886932373047
Kosovo,XKX,1995,100.0
"Yemen, Rep.",YEM,1995,43.1935119628906
Zambia,ZMB,1995,15.6682720184326
Zimbabwe,ZWE,1995,31.948579788208
Aruba,ABW,1996,100.0
Africa Western and Central,AFW,1996,32.6973945834538
Albania,ALB,1996,100.0
Andorra,AND,1996,100.0
United Arab Emirates,ARE,1996,100.0
Argentina,ARG,1996,94.1649398803711
Antigua and Barbuda,ATG,1996,96.8144836425781
Australia,AUS,1996,100.0
Austria,AUT,1996,100.0
Belgium,BEL,1996,100.0
Benin,BEN,1996,14.5
Burkina Faso,BFA,1996,7.1229362487793
Bangladesh,BGD,1996,21.1443862915039
Bulgaria,BGR,1996,100.0
Bahrain,BHR,1996,100.0
"Bahamas, The",BHS,1996,100.0
Bosnia and Herzegovina,BIH,1996,100.0
Belarus,BLR,1996,100.0
Belize,BLZ,1996,75.8076934814453
Bermuda,BMU,1996,100.0
Bolivia,BOL,1996,71.0
Brazil,BRA,1996,92.867095
Barbados,BRB,1996,100.0
Brunei Darussalam,BRN,1996,100.0
Botswana,BWA,1996,18.3627471923828
Central African Republic,CAF,1996,3.33491563796997
Canada,CAN,1996,100.0
Central Europe and the Baltics,CEB,1996,100.0
Switzerland,CHE,1996,100.0
Channel Islands,CHI,1996,100.0
Chile,CHL,1996,95.617315
Cote d'Ivoire,CIV,1996,44.6482124328613
Cameroon,CMR,1996,37.2933235168457
Colombia,COL,1996,93.3031005859375
Comoros,COM,1996,28.9
Curacao,CUW,1996,100.0
Cayman Islands,CYM,1996,100.0
Cyprus,CYP,1996,100.0
Czechia,CZE,1996,100.0
Germany,DEU,1996,100.0
Djibouti,DJI,1996,62.0
Denmark,DNK,1996,100.0
Dominican Republic,DOM,1996,85.5548782348633
Early-demographic dividend,EAR,1996,59.8705895933577
Europe & Central Asia,ECS,1996,99.9705930822189
Ecuador,ECU,1996,92.0513763427734
"Egypt, Arab Rep.",EGY,1996,96.1543273925781
Euro area,EMU,1996,100.0
Eritrea,ERI,1996,24.7554473876953
Spain,ESP,1996,100.0
Estonia,EST,1996,100.0
European Union,EUU,1996,100.0
Finland,FIN,1996,100.0
Fiji,FJI,1996,66.9
France,FRA,1996,100.0
Faroe Islands,FRO,1996,100.0
United Kingdom,GBR,1996,100.0
Ghana,GHA,1996,34.5287704467773
Gibraltar,GIB,1996,100.0
"Gambia, The",GMB,1996,21.5901184082031
Greece,GRC,1996,100.0
Greenland,GRL,1996,100.0
Guatemala,GTM,1996,67.6799392700195
Guam,GUM,1996,100.0
Guyana,GUY,1996,71.9872665405273
High income,HIC,1996,99.8645536645704
"Hong Kong SAR, China",HKG,1996,100.0
Honduras,HND,1996,61.68112
Croatia,HRV,1996,100.0
Haiti,HTI,1996,30.0130176544189
Hungary,HUN,1996,100.0
Indonesia,IDN,1996,72.39
Isle of Man,IMN,1996,100.0
India,IND,1996,53.0035209655762
Ireland,IRL,1996,100.0
Iceland,ISL,1996,100.0
Israel,ISR,1996,100.0
Italy,ITA,1996,100.0
Jamaica,JAM,1996,85.706045
Jordan,JOR,1996,98.4419784545898
Japan,JPN,1996,100.0
Kazakhstan,KAZ,1996,99.1921157836914
Kenya,KEN,1996,7.37853050231934
St. Kitts and Nevis,KNA,1996,93.4788360595703
"Korea, Rep.",KOR,1996,100.0
Kuwait,KWT,1996,100.0
Latin America & Caribbean (excluding high income),LAC,1996,88.8342901450974
Lao PDR,LAO,1996,31.2476997375488
Latin America & Caribbean,LCN,1996,89.5762688445638
Liechtenstein,LIE,1996,100.0
Lower middle income,LMC,1996,50.0543128873084
Lithuania,LTU,1996,100.0
Luxembourg,LUX,1996,100.0
Latvia,LVA,1996,100.0
"Macao SAR, China",MAC,1996,100.0
St. Martin (French part),MAF,1996,100.0
Morocco,MAR,1996,62.2745933532715
Monaco,MCO,1996,100.0
Moldova,MDA,1996,100.0
Madagascar,MDG,1996,11.4669008255005
Mexico,MEX,1996,96.093624
North Macedonia,MKD,1996,100.0
Mali,MLI,1996,6.2
Malta,MLT,1996,100.0
Montenegro,MNE,1996,100.0
Northern Mariana Islands,MNP,1996,100.0
Mauritius,MUS,1996,99.2020950317383
Malawi,MWI,1996,2.92707347869873
North America,NAC,1996,100.0
Namibia,NAM,1996,30.9689884185791
New Caledonia,NCL,1996,100.0
Niger,NER,1996,7.0
Nigeria,NGA,1996,39.5453186035156
Nicaragua,NIC,1996,70.4432601928711
Netherlands,NLD,1996,100.0
Norway,NOR,1996,100.0
Nepal,NPL,1996,17.9
Nauru,NRU,1996,99.2382659912109
New Zealand,NZL,1996,100.0
OECD members,OED,1996,99.3918575983826
Oman,OMN,1996,100.0
Panama,PAN,1996,77.4920425415039
Peru,PER,1996,67.0
Philippines,PHL,1996,70.2449569702148
Palau,PLW,1996,97.4352722167969
Papua New Guinea,PNG,1996,11.0
Poland,POL,1996,100.0
Puerto Rico (US),PRI,1996,100.0
Portugal,PRT,1996,100.0
Paraguay,PRY,1996,86.2600555419922
Post-demographic dividend,PST,1996,99.9997759815837
French Polynesia,PYF,1996,100.0
Qatar,QAT,1996,100.0
Romania,ROU,1996,100.0
Russian Federation,RUS,1996,100.0
South Asia,SAS,1996,48.7664992694092
Saudi Arabia,SAU,1996,100.0
Sudan,SDN,1996,29.35231590271
Senegal,SEN,1996,30.5211772918701
Singapore,SGP,1996,100.0
El Salvador,SLV,1996,77.883
San Marino,SMR,1996,100.0
Serbia,SRB,1996,100.0
Sub-Saharan Africa (excluding high income),SSA,1996,28.5005514724652
Sub-Saharan Africa,SSF,1996,28.5123843828768
Slovak Republic,SVK,1996,100.0
Slovenia,SVN,1996,100.0
Sweden,SWE,1996,100.0
Sint Maarten (Dutch part),SXM,1996,100.0
Seychelles,SYC,1996,92.552490234375
Turks and Caicos Islands,TCA,1996,92.9663467407227
Europe & Central Asia (IDA & IBRD countries),TEC,1996,99.9346510374183
Latin America & the Caribbean (IDA & IBRD countries),TLA,1996,89.4765112929002
Tonga,TON,1996,82.5543670654297
South Asia (IDA & IBRD),TSA,1996,48.7664992694092
Sub-Saharan Africa (IDA & IBRD countries),TSS,1996,28.5123843828767
Tunisia,TUN,1996,90.4
Tanzania,TZA,1996,9.4
Uganda,UGA,1996,2.81110429763794
Ukraine,UKR,1996,100.0
Uruguay,URY,1996,95.9
United States,USA,1996,100.0
Uzbekistan,UZB,1996,99.6
St. Vincent and the Grenadines,VCT,1996,74.5052032470703
"Venezuela, RB",VEN,1996,98.484130859375
British Virgin Islands,VGB,1996,95.9014739990234
Virgin Islands (U.S.),VIR,1996,100.0
Vanuatu,VUT,1996,14.7923612594604
Samoa,WSM,1996,84.7669982910156
Kosovo,XKX,1996,100.0
"Yemen, Rep.",YEM,1996,44.399169921875
South Africa,ZAF,1996,57.6
Zambia,ZMB,1996,17.3
Zimbabwe,ZWE,1996,32.3372955322266
Aruba,ABW,1997,100.0
Africa Western and Central,AFW,1997,32.5239197544343
Albania,ALB,1997,100.0
Andorra,AND,1997,100.0
Arab World,ARB,1997,76.6117766148893
United Arab Emirates,ARE,1997,100.0
Argentina,ARG,1997,94.4920120239258
Antigua and Barbuda,ATG,1997,96.9817733764648
Australia,AUS,1997,100.0
Austria,AUT,1997,100.0
Belgium,BEL,1997,100.0
Benin,BEN,1997,18.5896263122559
Burkina Faso,BFA,1997,7.61713981628418
Bangladesh,BGD,1997,22.4
Bulgaria,BGR,1997,100.0
Bahrain,BHR,1997,100.0
"Bahamas, The",BHS,1997,100.0
Bosnia and Herzegovina,BIH,1997,100.0
Belarus,BLR,1997,100.0
Belize,BLZ,1997,76.6965866088867
Bermuda,BMU,1997,100.0
Bolivia,BOL,1997,67.330431
Brazil,BRA,1997,93.354139
Barbados,BRB,1997,100.0
Brunei Darussalam,BRN,1997,100.0
Botswana,BWA,1997,20.5970783233643
Central African Republic,CAF,1997,3.83021020889282
Canada,CAN,1997,100.0
Central Europe and the Baltics,CEB,1997,100.0
Switzerland,CHE,1997,100.0
Channel Islands,CHI,1997,100.0
Chile,CHL,1997,96.2361679077148
Cote d'Ivoire,CIV,1997,45.6617698669434
Cameroon,CMR,1997,38.435474395752
Colombia,COL,1997,93.5889129638672
Comoros,COM,1997,32.7624130249023
Curacao,CUW,1997,100.0
Cayman Islands,CYM,1997,100.0
Cyprus,CYP,1997,100.0
Czechia,CZE,1997,100.0
Germany,DEU,1997,100.0
Djibouti,DJI,1997,56.2944946289063
Denmark,DNK,1997,100.0
Dominican Republic,DOM,1997,86.3154449462891
Early-demographic dividend,EAR,1997,61.8379063844139
Europe & Central Asia,ECS,1997,99.9645850783925
Ecuador,ECU,1997,92.429817199707
"Egypt, Arab Rep.",EGY,1997,96.4024658203125
Euro area,EMU,1997,100.0
Eritrea,ERI,1997,25.8746109008789
Spain,ESP,1997,100.0
Estonia,EST,1997,100.0
European Union,EUU,1997,100.0
Finland,FIN,1997,100.0
Fiji,FJI,1997,71.7715148925781
France,FRA,1997,100.0
Faroe Islands,FRO,1997,100.0
United Kingdom,GBR,1997,100.0
Ghana,GHA,1997,36.6036949157715
Gibraltar,GIB,1997,100.0
"Gambia, The",GMB,1997,23.255392074585
Greece,GRC,1997,100.0
Greenland,GRL,1997,100.0
Guatemala,GTM,1997,68.9040756225586
Guam,GUM,1997,100.0
Guyana,GUY,1997,72.6191558837891
High income,HIC,1997,99.8764416185809
"Hong Kong SAR, China",HKG,1997,100.0
Honduras,HND,1997,64.794754
Croatia,HRV,1997,100.0
Haiti,HTI,1997,30.5570373535156
Hungary,HUN,1997,100.0
Indonesia,IDN,1997,80.3
Isle of Man,IMN,1997,100.0
India,IND,1997,54.5948638916016
Ireland,IRL,1997,100.0
Iceland,ISL,1997,100.0
Israel,ISR,1997,100.0
Italy,ITA,1997,100.0
Jamaica,JAM,1997,82.0294036865234
Jordan,JOR,1997,98.9
Japan,JPN,1997,100.0
Kazakhstan,KAZ,1997,99.2694702148438
Kenya,KEN,1997,9.32631778717041
Kyrgyz Republic,KGZ,1997,99.8
St. Kitts and Nevis,KNA,1997,93.8328857421875
"Korea, Rep.",KOR,1997,100.0
Kuwait,KWT,1997,100.0
Latin America & Caribbean (excluding high income),LAC,1997,89.2929677841475
Lao PDR,LAO,1997,34.0638961791992
Latin America & Caribbean,LCN,1997,90.0309008765328
Liechtenstein,LIE,1997,100.0
Lower middle income,LMC,1997,52.638270492466
Lithuania,LTU,1997,100.0
Luxembourg,LUX,1997,100.0
Latvia,LVA,1997,100.0
"Macao SAR, China",MAC,1997,100.0
St. Martin (French part),MAF,1997,100.0
Morocco,MAR,1997,64.1026840209961
Monaco,MCO,1997,100.0
Moldova,MDA,1997,100.0
Madagascar,MDG,1997,10.9
Mexico,MEX,1997,96.3295822143555
North Macedonia,MKD,1997,100.0
Mali,MLI,1997,4.28854084014893
Malta,MLT,1997,100.0
Montenegro,MNE,1997,100.0
Northern Mariana Islands,MNP,1997,100.0
Mozambique,MOZ,1997,6.6
Mauritius,MUS,1997,99.2208938598633
Malawi,MWI,1997,3.37902021408081
North America,NAC,1997,100.0
Namibia,NAM,1997,31.9824295043945
New Caledonia,NCL,1997,100.0
Niger,NER,1997,6.23572778701782
Nigeria,NGA,1997,40.3999824523926
Nicaragua,NIC,1997,71.0332107543945
Netherlands,NLD,1997,100.0
Norway,NOR,1997,100.0
Nepal,NPL,1997,18.1328678131104
Nauru,NRU,1997,99.2701797485352
New Zealand,NZL,1997,100.0
OECD members,OED,1997,99.4238772416254
Oman,OMN,1997,100.0
Panama,PAN,1997,78.2943496704102
Peru,PER,1997,69.16024
Philippines,PHL,1997,71.3533935546875
Palau,PLW,1997,97.5623092651367
Papua New Guinea,PNG,1997,2.15848255157471
Poland,POL,1997,100.0
Pre-demographic dividend,PRE,1997,23.085814386224
Puerto Rico (US),PRI,1997,100.0
Portugal,PRT,1997,100.0
Paraguay,PRY,1997,86.412854
West Bank and Gaza,PSE,1997,97.9
Post-demographic dividend,PST,1997,99.9997844908339
French Polynesia,PYF,1997,100.0
Qatar,QAT,1997,100.0
Romania,ROU,1997,100.0
Russian Federation,RUS,1997,100.0
Rwanda,RWA,1997,1.02783596515656
South Asia,SAS,1997,50.2960104925638
Saudi Arabia,SAU,1997,100.0
Sudan,SDN,1997,29.8314571380615
Senegal,SEN,1997,32.2
Singapore,SGP,1997,100.0
El Salvador,SLV,1997,80.0315170288086
San Marino,SMR,1997,100.0
Serbia,SRB,1997,100.0
Sub-Saharan Africa (excluding high income),SSA,1997,28.3528465156675
Sub-Saharan Africa,SSF,1997,28.3636336834061
Slovak Republic,SVK,1997,100.0
Slovenia,SVN,1997,100.0
Sweden,SWE,1997,100.0
Sint Maarten (Dutch part),SXM,1997,100.0
Seychelles,SYC,1997,92.0
Turks and Caicos Islands,TCA,1997,93.3413619995117
Chad,TCD,1997,2.3
Europe & Central Asia (IDA & IBRD countries),TEC,1997,99.9216976575764
Latin America & the Caribbean (IDA & IBRD countries),TLA,1997,89.9360836894642
Tonga,TON,1997,83.3168563842773
South Asia (IDA & IBRD),TSA,1997,50.2960104925638
Sub-Saharan Africa (IDA & IBRD countries),TSS,1997,28.3636336834061
Tunisia,TUN,1997,92.0
Tanzania,TZA,1997,6.1970682144165
Uganda,UGA,1997,3.94494771957397
Ukraine,UKR,1997,100.0
Uruguay,URY,1997,97.0656509399414
United States,USA,1997,100.0
Uzbekistan,UZB,1997,99.3797454833984
St. Vincent and the Grenadines,VCT,1997,75.8460922241211
"Venezuela, RB",VEN,1997,98.7
British Virgin Islands,VGB,1997,96.1093368530273
Virgin Islands (U.S.),VIR,1997,100.0
Viet Nam,VNM,1997,78.4
Vanuatu,VUT,1997,16.6396789550781
Samoa,WSM,1997,85.5419082641602
Kosovo,XKX,1997,100.0
"Yemen, Rep.",YEM,1997,42.6
South Africa,ZAF,1997,69.4833526611328
Zambia,ZMB,1997,17.1124591827393
Zimbabwe,ZWE,1997,32.7226104736328
Aruba,ABW,1998,100.0
Africa Western and Central,AFW,1998,33.513503785092
Albania,ALB,1998,100.0
Andorra,AND,1998,100.0
Arab World,ARB,1998,77.5412552853078
United Arab Emirates,ARE,1998,100.0
Argentina,ARG,1998,94.8150024414063
Antigua and Barbuda,ATG,1998,97.1449813842773
Australia,AUS,1998,100.0
Austria,AUT,1998,100.0
Burundi,BDI,1998,3.9
Belgium,BEL,1998,100.0
Benin,BEN,1998,19.578254699707
Burkina Faso,BFA,1998,8.10726451873779
Bangladesh,BGD,1998,26.7461929321289
Bulgaria,BGR,1998,100.0
Bahrain,BHR,1998,100.0
"Bahamas, The",BHS,1998,100.0
Bosnia and Herzegovina,BIH,1998,100.0
Belarus,BLR,1998,100.0
Belize,BLZ,1998,77.5814056396484
Bermuda,BMU,1998,100.0
Bolivia,BOL,1998,71.2
Brazil,BRA,1998,94.193812
Barbados,BRB,1998,100.0
Brunei Darussalam,BRN,1998,100.0
Botswana,BWA,1998,22.8273296356201
Central African Republic,CAF,1998,4.32142543792725
Canada,CAN,1998,100.0
Central Europe and the Baltics,CEB,1998,100.0
Switzerland,CHE,1998,100.0
Channel Islands,CHI,1998,100.0
Chile,CHL,1998,97.241124
Cote d'Ivoire,CIV,1998,46.6712455749512
Cameroon,CMR,1998,40.7
Colombia,COL,1998,93.8706436157227
Comoros,COM,1998,35.0945281982422
Curacao,CUW,1998,100.0
Cayman Islands,CYM,1998,100.0
Cyprus,CYP,1998,100.0
Czechia,CZE,1998,100.0
Germany,DEU,1998,100.0
Djibouti,DJI,1998,56.3222541809082
Dominica,DMA,1998,75.0
Denmark,DNK,1998,100.0
Dominican Republic,DOM,1998,87.0719375610352
Early-demographic dividend,EAR,1998,63.3930107194029
Europe & Central Asia,ECS,1998,99.9667771365628
Ecuador,ECU,1998,92.726642
"Egypt, Arab Rep.",EGY,1998,96.6465225219727
Euro area,EMU,1998,100.0
Eritrea,ERI,1998,26.9896945953369
Spain,ESP,1998,100.0
Estonia,EST,1998,100.0
European Union,EUU,1998,100.0
Finland,FIN,1998,100.0
Fiji,FJI,1998,73.0895843505859
France,FRA,1998,100.0
Faroe Islands,FRO,1998,100.0
United Kingdom,GBR,1998,100.0
Ghana,GHA,1998,42.6
Gibraltar,GIB,1998,100.0
"Gambia, The",GMB,1998,24.9165878295898
Greece,GRC,1998,100.0
Grenada,GRD,1998,85.04
Greenland,GRL,1998,100.0
Guatemala,GTM,1998,70.1241302490234
Guam,GUM,1998,100.0
Guyana,GUY,1998,73.246955871582
High income,HIC,1998,99.8907389756902
"Hong Kong SAR, China",HKG,1998,100.0
Honduras,HND,1998,66.859519
Croatia,HRV,1998,100.0
Haiti,HTI,1998,31.0969753265381
Hungary,HUN,1998,100.0
IDA total,IDA,1998,36.9469805607845
IDA blend,IDB,1998,54.1593105216885
Indonesia,IDN,1998,80.94
Isle of Man,IMN,1998,100.0
India,IND,1998,56.1821327209473
Ireland,IRL,1998,100.0
Iceland,ISL,1998,100.0
Israel,ISR,1998,100.0
Italy,ITA,1998,100.0
Jamaica,JAM,1998,82.8191757202148
Jordan,JOR,1998,98.6578521728516
Japan,JPN,1998,100.0
Kazakhstan,KAZ,1998,99.3427505493164
Kenya,KEN,1998,14.5
Kyrgyz Republic,KGZ,1998,99.553825378418
Cambodia,KHM,1998,18.67
St. Kitts and Nevis,KNA,1998,94.182861328125
"Korea, Rep.",KOR,1998,100.0
Kuwait,KWT,1998,100.0
Latin America & Caribbean (excluding high income),LAC,1998,89.9560300630981
Lao PDR,LAO,1998,36.8760108947754
Latin America & Caribbean,LCN,1998,90.6482519055248
Liechtenstein,LIE,1998,100.0
Lower middle income,LMC,1998,55.5537586418071
Lithuania,LTU,1998,100.0
Luxembourg,LUX,1998,100.0
Latvia,LVA,1998,100.0
"Macao SAR, China",MAC,1998,100.0
St. Martin (French part),MAF,1998,100.0
Morocco,MAR,1998,65.9266891479492
Monaco,MCO,1998,100.0
Moldova,MDA,1998,100.0
Madagascar,MDG,1998,12.3585548400879
Mexico,MEX,1998,96.092755
North Macedonia,MKD,1998,100.0
Mali,MLI,1998,6.06686353683472
Malta,MLT,1998,100.0
Montenegro,MNE,1998,100.0
Northern Mariana Islands,MNP,1998,100.0
Mozambique,MOZ,1998,3.66317558288574
Mauritius,MUS,1998,99.2356185913086
Malawi,MWI,1998,3.82688760757446
North America,NAC,1998,100.0
Namibia,NAM,1998,32.9917907714844
New Caledonia,NCL,1998,100.0
Niger,NER,1998,6.7
Nigeria,NGA,1998,41.2505683898926
Nicaragua,NIC,1998,69.047103
Netherlands,NLD,1998,100.0
Norway,NOR,1998,100.0
Nepal,NPL,1998,21.7325325012207
Nauru,NRU,1998,99.2980117797852
New Zealand,NZL,1998,100.0
OECD members,OED,1998,99.4211501461428
Oman,OMN,1998,100.0
Pakistan,PAK,1998,70.46
Panama,PAN,1998,79.0925750732422
Peru,PER,1998,72.072063
Philippines,PHL,1998,71.3
Palau,PLW,1998,97.6852645874023
Papua New Guinea,PNG,1998,4.29508972167969
Poland,POL,1998,100.0
Pre-demographic dividend,PRE,1998,23.7713152884466
Puerto Rico (US),PRI,1998,100.0
Portugal,PRT,1998,100.0
Paraguay,PRY,1998,87.7623672485352
West Bank and Gaza,PSE,1998,98.5392990112305
Post-demographic dividend,PST,1998,99.9997932730016
French Polynesia,PYF,1998,100.0
Qatar,QAT,1998,100.0
Romania,ROU,1998,100.0
Russian Federation,RUS,1998,100.0
Rwanda,RWA,1998,2.17412757873535
South Asia,SAS,1998,52.2303738805993
Saudi Arabia,SAU,1998,100.0
Sudan,SDN,1998,30.3065280914307
Senegal,SEN,1998,33.8382682800293
Singapore,SGP,1998,100.0
El Salvador,SLV,1998,81.637983
San Marino,SMR,1998,100.0
Serbia,SRB,1998,100.0
Sub-Saharan Africa (excluding high income),SSA,1998,28.5492244891371
Sub-Saharan Africa,SSF,1998,28.559880608979
Slovak Republic,SVK,1998,100.0
Slovenia,SVN,1998,100.0
Sweden,SWE,1998,100.0
Sint Maarten (Dutch part),SXM,1998,100.0
Seychelles,SYC,1998,93.2992935180664
Turks and Caicos Islands,TCA,1998,93.712287902832
Chad,TCD,1998,2.42038726806641
Europe & Central Asia (IDA & IBRD countries),TEC,1998,99.9263649213318
Togo,TGO,1998,15.3
Latin America & the Caribbean (IDA & IBRD countries),TLA,1998,90.5602252538658
Tonga,TON,1998,84.0752716064453
South Asia (IDA & IBRD),TSA,1998,52.2303738805993
Sub-Saharan Africa (IDA & IBRD countries),TSS,1998,28.559880608979
Tunisia,TUN,1998,93.2
Tanzania,TZA,1998,7.15528964996338
Uganda,UGA,1998,5.07471179962158
Ukraine,UKR,1998,100.0
Uruguay,URY,1998,97.2328033447266
United States,USA,1998,100.0
Uzbekistan,UZB,1998,99.449348449707
St. Vincent and the Grenadines,VCT,1998,77.1829071044922
"Venezuela, RB",VEN,1998,98.4
British Virgin Islands,VGB,1998,96.3131256103516
Virgin Islands (U.S.),VIR,1998,100.0
Viet Nam,VNM,1998,86.1759872436523
Vanuatu,VUT,1998,18.4829177856445
World,WLD,1998,73.196235388656
Samoa,WSM,1998,86.312744140625
Kosovo,XKX,1998,100.0
"Yemen, Rep.",YEM,1998,46.7996101379395
South Africa,ZAF,1998,64.9
Zambia,ZMB,1998,19.0
Zimbabwe,ZWE,1998,33.1038475036621
Aruba,ABW,1999,100.0
Africa Western and Central,AFW,1999,34.8938570379457
Albania,ALB,1999,100.0
Andorra,AND,1999,100.0
Arab World,ARB,1999,78.1564043364063
United Arab Emirates,ARE,1999,100.0
Argentina,ARG,1999,95.1331558227539
Antigua and Barbuda,ATG,1999,97.303352355957
Australia,AUS,1999,100.0
Austria,AUT,1999,100.0
Azerbaijan,AZE,1999,97.0
Burundi,BDI,1999,2.07094931602478
Belgium,BEL,1999,100.0
Benin,BEN,1999,20.5620422363281
Burkina Faso,BFA,1999,6.9
Bangladesh,BGD,1999,29.5402145385742
Bulgaria,BGR,1999,100.0
Bahrain,BHR,1999,100.0
"Bahamas, The",BHS,1999,100.0
Bosnia and Herzegovina,BIH,1999,100.0
Belarus,BLR,1999,100.0
Belize,BLZ,1999,78.4613800048828
Bermuda,BMU,1999,100.0
Bolivia,BOL,1999,70.929888
Brazil,BRA,1999,94.76296
Barbados,BRB,1999,100.0
Brunei Darussalam,BRN,1999,100.0
Botswana,BWA,1999,25.0527400970459
Central African Republic,CAF,1999,4.80779838562012
Canada,CAN,1999,100.0
Central Europe and the Baltics,CEB,1999,100.0
Switzerland,CHE,1999,100.0
Channel Islands,CHI,1999,100.0
Chile,CHL,1999,96.6955490112305
Cote d'Ivoire,CIV,1999,48.2
Cameroon,CMR,1999,40.7067756652832
Colombia,COL,1999,94.1475296020508
Comoros,COM,1999,37.421802520752
Curacao,CUW,1999,100.0
Cayman Islands,CYM,1999,100.0
Cyprus,CYP,1999,100.0
Czechia,CZE,1999,100.0
Germany,DEU,1999,100.0
Djibouti,DJI,1999,56.3451690673828
Dominica,DMA,1999,79.6219177246094
Denmark,DNK,1999,100.0
Dominican Republic,DOM,1999,91.0
Early-demographic dividend,EAR,1999,66.0856638258811
Europe & Central Asia,ECS,1999,99.8693533423451
Ecuador,ECU,1999,93.071434
"Egypt, Arab Rep.",EGY,1999,96.8857345581055
Euro area,EMU,1999,100.0
Eritrea,ERI,1999,28.0999355316162
Spain,ESP,1999,100.0
Estonia,EST,1999,100.0
European Union,EUU,1999,100.0
Finland,FIN,1999,100.0
Fiji,FJI,1999,74.4028167724609
France,FRA,1999,100.0
Faroe Islands,FRO,1999,100.0
United Kingdom,GBR,1999,100.0
Ghana,GHA,1999,40.7405395507813
Gibraltar,GIB,1999,100.0
Guinea,GIN,1999,16.4
"Gambia, The",GMB,1999,26.572940826416
Greece,GRC,1999,100.0
Grenada,GRD,1999,85.5294647216797
Greenland,GRL,1999,100.0
Guatemala,GTM,1999,70.9
Guam,GUM,1999,100.0
Guyana,GUY,1999,73.8699188232422
High income,HIC,1999,99.8857540552386
"Hong Kong SAR, China",HKG,1999,100.0
Honduras,HND,1999,67.394103
Croatia,HRV,1999,100.0
Haiti,HTI,1999,31.6320724487305
Hungary,HUN,1999,100.0
IDA total,IDA,1999,38.337782452807
IDA blend,IDB,1999,55.4558199205738
Indonesia,IDN,1999,83.73
Isle of Man,IMN,1999,100.0
India,IND,1999,60.1
Ireland,IRL,1999,100.0
Iceland,ISL,1999,100.0
Israel,ISR,1999,100.0
Italy,ITA,1999,100.0
Jamaica,JAM,1999,84.554112
Jordan,JOR,1999,98.7589111328125
Japan,JPN,1999,100.0
Kazakhstan,KAZ,1999,97.0
Kenya,KEN,1999,13.2088918685913
Kyrgyz Republic,KGZ,1999,99.5655822753906
Cambodia,KHM,1999,8.82003688812256
St. Kitts and Nevis,KNA,1999,94.5279922485352
"Korea, Rep.",KOR,1999,100.0
Kuwait,KWT,1999,100.0
Latin America & Caribbean (excluding high income),LAC,1999,90.6211981952763
Lao PDR,LAO,1999,39.6832847595215
Latin America & Caribbean,LCN,1999,91.2576382948722
Liechtenstein,LIE,1999,100.0
Lower middle income,LMC,1999,58.0699417901764
Lithuania,LTU,1999,100.0
Luxembourg,LUX,1999,100.0
Latvia,LVA,1999,100.0
"Macao SAR, China",MAC,1999,100.0
St. Martin (French part),MAF,1999,100.0
Morocco,MAR,1999,67.7458572387695
Monaco,MCO,1999,100.0
Moldova,MDA,1999,100.0
Madagascar,MDG,1999,12.7975006103516
Mexico,MEX,1999,96.7482986450195
Marshall Islands,MHL,1999,68.5242358752702
North Macedonia,MKD,1999,100.0
Mali,MLI,1999,7.84034395217896
Malta,MLT,1999,100.0
Montenegro,MNE,1999,100.0
Northern Mariana Islands,MNP,1999,100.0
Mozambique,MOZ,1999,4.87912368774414
Mauritius,MUS,1999,99.2455062866211
Malawi,MWI,1999,4.26991271972656
North America,NAC,1999,100.0
Namibia,NAM,1999,33.9963111877441
New Caledonia,NCL,1999,100.0
Niger,NER,1999,7.32568216323853
Nigeria,NGA,1999,44.9
Nicaragua,NIC,1999,72.2001266479492
Netherlands,NLD,1999,100.0
Norway,NOR,1999,100.0
Nepal,NPL,1999,25.3273544311523
Nauru,NRU,1999,99.3210067749023
New Zealand,NZL,1999,100.0
OECD members,OED,1999,99.474356572683
Oman,OMN,1999,100.0
Pakistan,PAK,1999,70.2653503417969
Panama,PAN,1999,79.8859558105469
Peru,PER,1999,74.078523
Philippines,PHL,1999,71.8741709275167
Palau,PLW,1999,97.8033752441406
Papua New Guinea,PNG,1999,6.42685508728027
Poland,POL,1999,100.0
Pre-demographic dividend,PRE,1999,25.0269096398681
Puerto Rico (US),PRI,1999,100.0
Portugal,PRT,1999,100.0
Paraguay,PRY,1999,88.518177
West Bank and Gaza,PSE,1999,98.6231536865234
Pacific island small states,PSS,1999,56.9114246772576
Post-demographic dividend,PST,1999,99.9998023209135
French Polynesia,PYF,1999,100.0
Qatar,QAT,1999,100.0
Romania,ROU,1999,100.0
Russian Federation,RUS,1999,100.0
Rwanda,RWA,1999,3.31557703018188
South Asia,SAS,1999,56.0177412007675
Saudi Arabia,SAU,1999,100.0
Sudan,SDN,1999,30.7767562866211
Senegal,SEN,1999,36.2
Singapore,SGP,1999,100.0
Solomon Islands,SLB,1999,15.7
El Salvador,SLV,1999,79.129592
San Marino,SMR,1999,100.0
Serbia,SRB,1999,100.0
Sub-Saharan Africa (excluding high income),SSA,1999,30.1292804705008
Sub-Saharan Africa,SSF,1999,30.1395069836089
Small states,SST,1999,83.6755112496449
Suriname,SUR,1999,99.62406
Slovak Republic,SVK,1999,100.0
Slovenia,SVN,1999,100.0
Sweden,SWE,1999,100.0
Sint Maarten (Dutch part),SXM,1999,100.0
Seychelles,SYC,1999,93.6658096313477
Turks and Caicos Islands,TCA,1999,94.0783767700195
Chad,TCD,1999,2.80621337890625
Europe & Central Asia (IDA & IBRD countries),TEC,1999,99.7158353371181
Togo,TGO,1999,16.0729999542236
Tajikistan,TJK,1999,97.0
Latin America & the Caribbean (IDA & IBRD countries),TLA,1999,91.1763258910293
Tonga,TON,1999,84.8288421630859
South Asia (IDA & IBRD),TSA,1999,56.0177412007675
Sub-Saharan Africa (IDA & IBRD countries),TSS,1999,30.1395069836089
Tunisia,TUN,1999,94.2
Tanzania,TZA,1999,8.0
Uganda,UGA,1999,6.19963407516479
Ukraine,UKR,1999,100.0
Uruguay,URY,1999,97.3951110839844
United States,USA,1999,100.0
Uzbekistan,UZB,1999,99.5141143798828
St. Vincent and the Grenadines,VCT,1999,78.5148773193359
"Venezuela, RB",VEN,1999,98.9
British Virgin Islands,VGB,1999,96.512077331543
Virgin Islands (U.S.),VIR,1999,100.0
Viet Nam,VNM,1999,86.9944381713867
Vanuatu,VUT,1999,19.1
World,WLD,1999,74.5032105116741
Samoa,WSM,1999,87.078727722168
Kosovo,XKX,1999,100.0
"Yemen, Rep.",YEM,1999,47.9929466247559
South Africa,ZAF,1999,71.331787109375
Zambia,ZMB,1999,18.5402450561523
Zimbabwe,ZWE,1999,38.4
Aruba,ABW,2000,91.7
Africa Eastern and Southern,AFE,2000,19.9172563342889
Afghanistan,AFG,2000,4.4
Africa Western and Central,AFW,2000,34.2461158257192
Angola,AGO,2000,24.2
Albania,ALB,2000,99.4
Andorra,AND,2000,100.0
Arab World,ARB,2000,80.4586672566828
United Arab Emirates,ARE,2000,100.0
Argentina,ARG,2000,95.7
Armenia,ARM,2000,98.9
Antigua and Barbuda,ATG,2000,97.7
Australia,AUS,2000,100.0
Austria,AUT,2000,100.0
Azerbaijan,AZE,2000,98.9
Burundi,BDI,2000,2.5
Belgium,BEL,2000,100.0
Benin,BEN,2000,21.5
Burkina Faso,BFA,2000,9.1
Bangladesh,BGD,2000,32.0
Bulgaria,BGR,2000,88.1
Bahrain,BHR,2000,100.0
"Bahamas, The",BHS,2000,100.0
Bosnia and Herzegovina,BIH,2000,99.0
Belarus,BLR,2000,89.0
Belize,BLZ,2000,79.0
Bermuda,BMU,2000,100.0
Bolivia,BOL,2000,70.0
Brazil,BRA,2000,94.4
Barbados,BRB,2000,100.0
Brunei Darussalam,BRN,2000,100.0
Bhutan,BTN,2000,31.2
Botswana,BWA,2000,26.5
Central African Republic,CAF,2000,6.0
Canada,CAN,2000,100.0
Central Europe and the Baltics,CEB,2000,97.9262635329594
Switzerland,CHE,2000,100.0
Channel Islands,CHI,2000,100.0
Chile,CHL,2000,97.9
China,CHN,2000,96.7
Cote d'Ivoire,CIV,2000,48.7
Cameroon,CMR,2000,41.0
"Congo, Dem. Rep.",COD,2000,6.7
"Congo, Rep.",COG,2000,29.4
Colombia,COL,2000,95.2
Comoros,COM,2000,39.8
Cabo Verde,CPV,2000,58.6
Costa Rica,CRI,2000,96.9
Caribbean small states,CSS,2000,88.4159289818663
Cuba,CUB,2000,97.0
Curacao,CUW,2000,100.0
Cayman Islands,CYM,2000,100.0
Cyprus,CYP,2000,100.0
Czechia,CZE,2000,100.0
Germany,DEU,2000,100.0
Djibouti,DJI,2000,56.0
Dominica,DMA,2000,81.1
Denmark,DNK,2000,100.0
Dominican Republic,DOM,2000,88.8
Algeria,DZA,2000,98.6
East Asia & Pacific (excluding high income),EAP,2000,91.138144466845
Early-demographic dividend,EAR,2000,67.5004886155747
East Asia & Pacific,EAS,2000,92.0618144338661
Europe & Central Asia (excluding high income),ECA,2000,99.0003702745063
Europe & Central Asia,ECS,2000,99.1153070613535
Ecuador,ECU,2000,93.7
"Egypt, Arab Rep.",EGY,2000,97.7
Euro area,EMU,2000,99.9939024363854
Eritrea,ERI,2000,29.3
Spain,ESP,2000,100.0
Estonia,EST,2000,100.0
Ethiopia,ETH,2000,12.7
European Union,EUU,2000,99.4761898580312
Fragile and conflict affected situations,FCS,2000,40.4330868376339
Finland,FIN,2000,100.0
Fiji,FJI,2000,76.8
France,FRA,2000,100.0
Faroe Islands,FRO,2000,100.0
"Micronesia, Fed. Sts.",FSM,2000,46.0
Gabon,GAB,2000,73.6
United Kingdom,GBR,2000,100.0
Georgia,GEO,2000,99.8
Ghana,GHA,2000,43.7
Gibraltar,GIB,2000,99.9
Guinea,GIN,2000,15.2
"Gambia, The",GMB,2000,34.3
Equatorial Guinea,GNQ,2000,64.8
Greece,GRC,2000,100.0
Grenada,GRD,2000,86.0
Greenland,GRL,2000,100.0
Guatemala,GTM,2000,73.3
Guam,GUM,2000,100.0
Guyana,GUY,2000,74.6
High income,HIC,2000,99.441643111124
"Hong Kong SAR, China",HKG,2000,100.0
Honduras,HND,2000,67.4
Heavily indebted poor countries (HIPC),HPC,2000,17.8244786052089
Croatia,HRV,2000,100.0
Haiti,HTI,2000,33.7
Hungary,HUN,2000,100.0
IBRD only,IBD,2000,84.5514200391953
IDA & IBRD total,IBT,2000,73.9654372508659
IDA total,IDA,2000,36.3628571586588
IDA blend,IDB,2000,55.6481107966122
Indonesia,IDN,2000,86.3
IDA only,IDX,2000,25.9115523262833
Isle of Man,IMN,2000,100.0
India,IND,2000,60.3
Ireland,IRL,2000,100.0
"Iran, Islamic Rep.",IRN,2000,97.9
Iraq,IRQ,2000,96.8
Iceland,ISL,2000,100.0
Israel,ISR,2000,100.0
Italy,ITA,2000,100.0
Jamaica,JAM,2000,84.4
Jordan,JOR,2000,99.0
Japan,JPN,2000,100.0
Kazakhstan,KAZ,2000,99.6
Kenya,KEN,2000,15.2
Kyrgyz Republic,KGZ,2000,99.6
Cambodia,KHM,2000,16.6
Kiribati,KIR,2000,55.6
St. Kitts and Nevis,KNA,2000,95.4
"Korea, Rep.",KOR,2000,100.0
Kuwait,KWT,2000,100.0
Latin America & Caribbean (excluding high income),LAC,2000,91.0752933457569
Lao PDR,LAO,2000,42.6
Lebanon,LBN,2000,99.3
Libya,LBY,2000,99.8
St. Lucia,LCA,2000,86.0
Latin America & Caribbean,LCN,2000,91.7360864277566
Least developed countries: UN classification,LDC,2000,20.2280542447191
Low income,LIC,2000,16.631872272008
Liechtenstein,LIE,2000,100.0
Sri Lanka,LKA,2000,70.3
Lower middle income,LMC,2000,58.1811157959563
Low & middle income,LMY,2000,73.562125845165
Lesotho,LSO,2000,4.3
Late-demographic dividend,LTE,2000,95.2513038887096
Lithuania,LTU,2000,99.5
Luxembourg,LUX,2000,100.0
Latvia,LVA,2000,99.9
"Macao SAR, China",MAC,2000,100.0
St. Martin (French part),MAF,2000,100.0
Morocco,MAR,2000,69.8
Monaco,MCO,2000,100.0
Moldova,MDA,2000,98.7
Madagascar,MDG,2000,12.6
Maldives,MDV,2000,83.8
"Middle East, North Africa, Afghanistan & Pakistan",MEA,2000,82.5699139042888
Mexico,MEX,2000,98.0
Marshall Islands,MHL,2000,68.6
Middle income,MIC,2000,77.2241914464206
North Macedonia,MKD,2000,99.0
Mali,MLI,2000,9.6
Malta,MLT,2000,100.0
Myanmar,MMR,2000,41.9
"Middle East, North Africa, Afghanistan & Pakistan (excluding high income)",MNA,2000,81.3700939457665
Montenegro,MNE,2000,99.1
Mongolia,MNG,2000,67.3
Northern Mariana Islands,MNP,2000,100.0
Mozambique,MOZ,2000,6.1
Mauritania,MRT,2000,19.1
Mauritius,MUS,2000,99.0
Malawi,MWI,2000,4.8
Malaysia,MYS,2000,98.6
North America,NAC,2000,100.0
Namibia,NAM,2000,36.5
New Caledonia,NCL,2000,100.0
Niger,NER,2000,6.5
Nigeria,NGA,2000,43.2
Nicaragua,NIC,2000,73.0
Netherlands,NLD,2000,100.0
Norway,NOR,2000,100.0
Nepal,NPL,2000,29.9
Nauru,NRU,2000,99.1
New Zealand,NZL,2000,100.0
OECD members,OED,2000,99.6355291285159
Oman,OMN,2000,100.0
Other small states,OSS,2000,71.119393429134
Pakistan,PAK,2000,72.8
Panama,PAN,2000,81.4
Peru,PER,2000,72.5
Philippines,PHL,2000,74.7
Palau,PLW,2000,97.9
Papua New Guinea,PNG,2000,12.4
Poland,POL,2000,100.0
Pre-demographic dividend,PRE,2000,24.8722822039397
Puerto Rico (US),PRI,2000,100.0
Portugal,PRT,2000,100.0
Paraguay,PRY,2000,89.6
West Bank and Gaza,PSE,2000,99.7
Pacific island small states,PSS,2000,55.2875180803359
Post-demographic dividend,PST,2000,99.7150166440245
French Polynesia,PYF,2000,100.0
Qatar,QAT,2000,100.0
Romania,ROU,2000,94.4
Russian Federation,RUS,2000,97.8
Rwanda,RWA,2000,6.2
South Asia,SAS,2000,56.7664729200241
Saudi Arabia,SAU,2000,100.0
Sudan,SDN,2000,23.0
Senegal,SEN,2000,37.7
Singapore,SGP,2000,100.0
Solomon Islands,SLB,2000,4.7
Sierra Leone,SLE,2000,7.7
El Salvador,SLV,2000,84.5
San Marino,SMR,2000,100.0
"Somalia, Fed. Rep.",SOM,2000,2.1
Serbia,SRB,2000,99.9
Sub-Saharan Africa (excluding high income),SSA,2000,27.143926478685
Sub-Saharan Africa,SSF,2000,25.700773726639
Small states,SST,2000,73.4058709330824
Sao Tome and Principe,STP,2000,52.9
Suriname,SUR,2000,95.4
Slovak Republic,SVK,2000,100.0
Slovenia,SVN,2000,100.0
Sweden,SWE,2000,100.0
Eswatini,SWZ,2000,20.4
Sint Maarten (Dutch part),SXM,2000,100.0
Seychelles,SYC,2000,94.1
Syrian Arab Republic,SYR,2000,93.4
Turks and Caicos Islands,TCA,2000,95.6
Chad,TCD,2000,3.1
East Asia & Pacific (IDA & IBRD countries),TEA,2000,91.1382617877496
Europe & Central Asia (IDA & IBRD countries),TEC,2000,98.2547275902283
Togo,TGO,2000,17.0
Thailand,THA,2000,82.1
Tajikistan,TJK,2000,98.5
Turkmenistan,TKM,2000,99.6
Latin America & the Caribbean (IDA & IBRD countries),TLA,2000,91.5465023715452
Timor-Leste,TLS,2000,17.8
"Middle East, North Africa, Afghanistan & Pakistan (IDA & IBRD)",TMN,2000,81.2536678712175
Tonga,TON,2000,85.6
South Asia (IDA & IBRD),TSA,2000,56.7664729200241
Sub-Saharan Africa (IDA & IBRD countries),TSS,2000,25.700773726639
Trinidad and Tobago,TTO,2000,91.3
Tunisia,TUN,2000,94.8
Turkiye,TUR,2000,99.9
Tuvalu,TUV,2000,94.6
Tanzania,TZA,2000,8.7
Uganda,UGA,2000,7.4
Ukraine,UKR,2000,99.1
Upper middle income,UMC,2000,94.3602354729773
Uruguay,URY,2000,97.6
United States,USA,2000,100.0
Uzbekistan,UZB,2000,99.6
St. Vincent and the Grenadines,VCT,2000,80.0
"Venezuela, RB",VEN,2000,98.9
British Virgin Islands,VGB,2000,97.1
Virgin Islands (U.S.),VIR,2000,100.0
Viet Nam,VNM,2000,88.2
Vanuatu,VUT,2000,22.2
World,WLD,2000,78.2214008583172
Samoa,WSM,2000,88.0
"Yemen, Rep.",YEM,2000,49.2
South Africa,ZAF,2000,72.4
Zambia,ZMB,2000,16.7
Zimbabwe,ZWE,2000,33.7
Aruba,ABW,2001,100.0
Africa Eastern and Southern,AFE,2001,19.9442774203583
Afghanistan,AFG,2001,9.3
Africa Western and Central,AFW,2001,35.3232672070551
Angola,AGO,2001,20.0
Albania,ALB,2001,99.4
Andorra,AND,2001,100.0
Arab World,ARB,2001,81.3547942659304
United Arab Emirates,ARE,2001,100.0
Argentina,ARG,2001,95.5
Armenia,ARM,2001,100.0
Antigua and Barbuda,ATG,2001,97.7
Australia,AUS,2001,100.0
Austria,AUT,2001,100.0
Azerbaijan,AZE,2001,98.6
Burundi,BDI,2001,2.8
Belgium,BEL,2001,100.0
Benin,BEN,2001,21.9
Burkina Faso,BFA,2001,9.5
Bangladesh,BGD,2001,35.0
Bulgaria,BGR,2001,88.6
Bahrain,BHR,2001,100.0
"Bahamas, The",BHS,2001,100.0
Bosnia and Herzegovina,BIH,2001,99.4
Belarus,BLR,2001,89.5
Belize,BLZ,2001,80.2
Bermuda,BMU,2001,100.0
Bolivia,BOL,2001,69.3
Brazil,BRA,2001,96.0
Barbados,BRB,2001,100.0
Brunei Darussalam,BRN,2001,100.0
Bhutan,BTN,2001,40.2
Botswana,BWA,2001,24.8
Central African Republic,CAF,2001,5.7
Canada,CAN,2001,100.0
Central Europe and the Baltics,CEB,2001,98.0235379735737
Switzerland,CHE,2001,100.0
Channel Islands,CHI,2001,100.0
Chile,CHL,2001,97.1
China,CHN,2001,97.0
Cote d'Ivoire,CIV,2001,49.7
Cameroon,CMR,2001,46.2
"Congo, Dem. Rep.",COD,2001,7.1
"Congo, Rep.",COG,2001,30.3
Colombia,COL,2001,98.5
Comoros,COM,2001,42.0
Cabo Verde,CPV,2001,60.3
Costa Rica,CRI,2001,98.2
Caribbean small states,CSS,2001,90.4855336740834
Cuba,CUB,2001,96.2
Curacao,CUW,2001,99.9
Cayman Islands,CYM,2001,100.0
Cyprus,CYP,2001,100.0
Czechia,CZE,2001,100.0
Germany,DEU,2001,100.0
Djibouti,DJI,2001,56.1
Dominica,DMA,2001,82.1
Denmark,DNK,2001,100.0
Dominican Republic,DOM,2001,89.8
Algeria,DZA,2001,98.6
East Asia & Pacific (excluding high income),EAP,2001,91.6798073934451
Early-demographic dividend,EAR,2001,68.2577741474039
East Asia & Pacific,EAS,2001,92.5437982270478
Europe & Central Asia (excluding high income),ECA,2001,99.0705244325315
Europe & Central Asia,ECS,2001,99.1655507745026
Ecuador,ECU,2001,94.0
"Egypt, Arab Rep.",EGY,2001,97.4
Euro area,EMU,2001,99.9939756507346
Eritrea,ERI,2001,30.3
Spain,ESP,2001,100.0
Estonia,EST,2001,100.0
Ethiopia,ETH,2001,10.2
European Union,EUU,2001,99.5050444841847
Fragile and conflict affected situations,FCS,2001,40.9429778910338
Finland,FIN,2001,100.0
Fiji,FJI,2001,77.7
France,FRA,2001,100.0
Faroe Islands,FRO,2001,100.0
"Micronesia, Fed. Sts.",FSM,2001,48.4
Gabon,GAB,2001,77.2
United Kingdom,GBR,2001,100.0
Georgia,GEO,2001,99.8
Ghana,GHA,2001,44.8
Gibraltar,GIB,2001,99.9
Guinea,GIN,2001,16.4
"Gambia, The",GMB,2001,29.9
Equatorial Guinea,GNQ,2001,64.9
Greece,GRC,2001,100.0
Grenada,GRD,2001,86.3
Greenland,GRL,2001,100.0
Guatemala,GTM,2001,73.7
Guam,GUM,2001,100.0
Guyana,GUY,2001,75.1
High income,HIC,2001,99.4664430681858
"Hong Kong SAR, China",HKG,2001,100.0
Honduras,HND,2001,64.2
Heavily indebted poor countries (HIPC),HPC,2001,18.6972355290942
Croatia,HRV,2001,100.0
Haiti,HTI,2001,31.5
Hungary,HUN,2001,100.0
IBRD only,IBD,2001,85.2605452880295
IDA & IBRD total,IBT,2001,74.5883598457618
IDA total,IDA,2001,37.142264025294
IDA blend,IDB,2001,56.70789885005
Indonesia,IDN,2001,86.3
IDA only,IDX,2001,26.5033655156032
Isle of Man,IMN,2001,100.0
India,IND,2001,62.0
Ireland,IRL,2001,100.0
"Iran, Islamic Rep.",IRN,2001,98.1
Iraq,IRQ,2001,96.9
Iceland,ISL,2001,100.0
Israel,ISR,2001,100.0
Italy,ITA,2001,100.0
Jamaica,JAM,2001,87.7
Jordan,JOR,2001,99.0
Japan,JPN,2001,100.0
Kazakhstan,KAZ,2001,99.7
Kenya,KEN,2001,17.0
Kyrgyz Republic,KGZ,2001,99.5
Cambodia,KHM,2001,9.5
Kiribati,KIR,2001,57.3
St. Kitts and Nevis,KNA,2001,93.5
"Korea, Rep.",KOR,2001,100.0
Kuwait,KWT,2001,100.0
Latin America & Caribbean (excluding high income),LAC,2001,91.6904405030151
Lao PDR,LAO,2001,45.3
Lebanon,LBN,2001,99.3
Libya,LBY,2001,96.9
St. Lucia,LCA,2001,89.9
Latin America & Caribbean,LCN,2001,92.3325507733976
Least developed countries: UN classification,LDC,2001,20.9977554017227
Low income,LIC,2001,18.1615625609917
Liechtenstein,LIE,2001,100.0
Sri Lanka,LKA,2001,63.6
Lower middle income,LMC,2001,59.3530302927695
Low & middle income,LMY,2001,74.2857380015496
Lesotho,LSO,2001,1.3
Late-demographic dividend,LTE,2001,95.9134985246953
Lithuania,LTU,2001,99.5
Luxembourg,LUX,2001,100.0
Latvia,LVA,2001,99.9
"Macao SAR, China",MAC,2001,100.0
St. Martin (French part),MAF,2001,99.9
Morocco,MAR,2001,71.6
Monaco,MCO,2001,100.0
Moldova,MDA,2001,98.8
Madagascar,MDG,2001,14.8
Maldives,MDV,2001,87.5
"Middle East, North Africa, Afghanistan & Pakistan",MEA,2001,83.2791761702007
Mexico,MEX,2001,97.1
Marshall Islands,MHL,2001,70.1
Middle income,MIC,2001,77.9432237654002
North Macedonia,MKD,2001,99.0
Mali,MLI,2001,10.8
Malta,MLT,2001,100.0
Myanmar,MMR,2001,43.0
"Middle East, North Africa, Afghanistan & Pakistan (excluding high income)",MNA,2001,82.1041626354686
Montenegro,MNE,2001,99.1
Mongolia,MNG,2001,71.7
Northern Mariana Islands,MNP,2001,100.0
Mozambique,MOZ,2001,5.7
Mauritania,MRT,2001,22.2
Mauritius,MUS,2001,99.2
Malawi,MWI,2001,5.2
Malaysia,MYS,2001,98.6
North America,NAC,2001,100.0
Namibia,NAM,2001,36.0
New Caledonia,NCL,2001,100.0
Niger,NER,2001,8.4
Nigeria,NGA,2001,43.9
Nicaragua,NIC,2001,72.2
Netherlands,NLD,2001,100.0
Norway,NOR,2001,100.0
Nepal,NPL,2001,24.6
Nauru,NRU,2001,99.0
New Zealand,NZL,2001,100.0
OECD members,OED,2001,99.6605225869064
Oman,OMN,2001,100.0
Other small states,OSS,2001,72.8655376367779
Pakistan,PAK,2001,73.9
Panama,PAN,2001,81.5
Peru,PER,2001,72.1
Philippines,PHL,2001,75.7
Palau,PLW,2001,98.0
Papua New Guinea,PNG,2001,12.7
Poland,POL,2001,100.0
Pre-demographic dividend,PRE,2001,26.1849909731365
Puerto Rico (US),PRI,2001,100.0
Portugal,PRT,2001,100.0
Paraguay,PRY,2001,91.0
West Bank and Gaza,PSE,2001,99.1
Pacific island small states,PSS,2001,56.6328134447056
Post-demographic dividend,PST,2001,99.7255593140198
French Polynesia,PYF,2001,100.0
Qatar,QAT,2001,100.0
Romania,ROU,2001,94.6
Russian Federation,RUS,2001,97.9
Rwanda,RWA,2001,4.7
South Asia,SAS,2001,58.3485213159577
Saudi Arabia,SAU,2001,100.0
Sudan,SDN,2001,29.4
Senegal,SEN,2001,38.9
Singapore,SGP,2001,100.0
Solomon Islands,SLB,2001,7.6
Sierra Leone,SLE,2001,8.5
El Salvador,SLV,2001,87.1
San Marino,SMR,2001,100.0
"Somalia, Fed. Rep.",SOM,2001,4.7
Serbia,SRB,2001,99.8
Sub-Saharan Africa (excluding high income),SSA,2001,27.9421737704008
Sub-Saharan Africa,SSF,2001,26.160662802678
Small states,SST,2001,75.1545680906373
Sao Tome and Principe,STP,2001,51.5
Suriname,SUR,2001,95.3
Slovak Republic,SVK,2001,100.0
Slovenia,SVN,2001,100.0
Sweden,SWE,2001,100.0
Eswatini,SWZ,2001,26.9
Sint Maarten (Dutch part),SXM,2001,99.9
Seychelles,SYC,2001,94.4
Syrian Arab Republic,SYR,2001,93.1
Turks and Caicos Islands,TCA,2001,94.9
Chad,TCD,2001,3.4
East Asia & Pacific (IDA & IBRD countries),TEA,2001,91.6799157877188
Europe & Central Asia (IDA & IBRD countries),TEC,2001,98.3505208899399
Togo,TGO,2001,19.6
Thailand,THA,2001,90.4
Tajikistan,TJK,2001,98.6
Turkmenistan,TKM,2001,99.6
Latin America & the Caribbean (IDA & IBRD countries),TLA,2001,92.1794951117155
Timor-Leste,TLS,2001,25.6
"Middle East, North Africa, Afghanistan & Pakistan (IDA & IBRD)",TMN,2001,81.995810773732
Tonga,TON,2001,86.3
South Asia (IDA & IBRD),TSA,2001,58.3485213159577
Sub-Saharan Africa (IDA & IBRD countries),TSS,2001,26.1606628026781
Trinidad and Tobago,TTO,2001,96.3
Tunisia,TUN,2001,97.3
Turkiye,TUR,2001,99.9
Tuvalu,TUV,2001,94.8
Tanzania,TZA,2001,9.7
Uganda,UGA,2001,8.6
Ukraine,UKR,2001,99.2
Upper middle income,UMC,2001,94.846474879951
Uruguay,URY,2001,97.7
United States,USA,2001,100.0
Uzbekistan,UZB,2001,99.6
St. Vincent and the Grenadines,VCT,2001,82.4
"Venezuela, RB",VEN,2001,99.9
British Virgin Islands,VGB,2001,97.2
Virgin Islands (U.S.),VIR,2001,100.0
Viet Nam,VNM,2001,88.9
Vanuatu,VUT,2001,24.0
World,WLD,2001,78.7152432244994
Samoa,WSM,2001,88.7
"Yemen, Rep.",YEM,2001,50.4
South Africa,ZAF,2001,70.2
Zambia,ZMB,2001,20.2
Zimbabwe,ZWE,2001,34.2
Aruba,ABW,2002,100.0
Africa Eastern and Southern,AFE,2002,21.5486466155625
Afghanistan,AFG,2002,14.1
Africa Western and Central,AFW,2002,35.809110964429
Angola,AGO,2002,26.3
Albania,ALB,2002,99.4
Andorra,AND,2002,100.0
Arab World,ARB,2002,81.323622346782
United Arab Emirates,ARE,2002,100.0
Argentina,ARG,2002,96.1
Armenia,ARM,2002,98.0
Antigua and Barbuda,ATG,2002,100.0
Australia,AUS,2002,100.0
Austria,AUT,2002,100.0
Azerbaijan,AZE,2002,100.0
Burundi,BDI,2002,3.1
Belgium,BEL,2002,100.0
Benin,BEN,2002,23.4
Burkina Faso,BFA,2002,9.9
Bangladesh,BGD,2002,37.8
Bulgaria,BGR,2002,89.1
Bahrain,BHR,2002,100.0
"Bahamas, The",BHS,2002,100.0
Bosnia and Herzegovina,BIH,2002,98.5
Belarus,BLR,2002,90.0
Belize,BLZ,2002,81.0
Bermuda,BMU,2002,100.0
Bolivia,BOL,2002,64.0
Brazil,BRA,2002,96.7
Barbados,BRB,2002,100.0
Brunei Darussalam,BRN,2002,100.0
Bhutan,BTN,2002,44.1
Botswana,BWA,2002,27.0
Central African Republic,CAF,2002,6.1
Canada,CAN,2002,100.0
Central Europe and the Baltics,CEB,2002,98.1415583203817
Switzerland,CHE,2002,100.0
Channel Islands,CHI,2002,100.0
Chile,CHL,2002,97.3
China,CHN,2002,97.2
Cote d'Ivoire,CIV,2002,51.4
Cameroon,CMR,2002,44.0
"Congo, Dem. Rep.",COD,2002,7.7
"Congo, Rep.",COG,2002,31.2
Colombia,COL,2002,94.9
Comoros,COM,2002,44.8
Cabo Verde,CPV,2002,58.6
Costa Rica,CRI,2002,98.5
Caribbean small states,CSS,2002,90.809112704402
Cuba,CUB,2002,95.5
Curacao,CUW,2002,99.9
Cayman Islands,CYM,2002,100.0
Cyprus,CYP,2002,100.0
Czechia,CZE,2002,100.0
Germany,DEU,2002,100.0
Djibouti,DJI,2002,49.7
Dominica,DMA,2002,87.7
Denmark,DNK,2002,100.0
Dominican Republic,DOM,2002,89.7
Algeria,DZA,2002,98.6
East Asia & Pacific (excluding high income),EAP,2002,92.1532731163709
Early-demographic dividend,EAR,2002,69.1513339520849
East Asia & Pacific,EAS,2002,92.9648557230822
Europe & Central Asia (excluding high income),ECA,2002,99.1500165934793
Europe & Central Asia,ECS,2002,99.203941671041
Ecuador,ECU,2002,94.2
"Egypt, Arab Rep.",EGY,2002,97.5
Euro area,EMU,2002,99.9923040847624
Eritrea,ERI,2002,32.2
Spain,ESP,2002,100.0
Estonia,EST,2002,100.0
Ethiopia,ETH,2002,11.9
European Union,EUU,2002,99.5387158579328
Fragile and conflict affected situations,FCS,2002,41.4924612334799
Finland,FIN,2002,100.0
Fiji,FJI,2002,79.6
France,FRA,2002,100.0
Faroe Islands,FRO,2002,100.0
"Micronesia, Fed. Sts.",FSM,2002,50.1
Gabon,GAB,2002,77.8
United Kingdom,GBR,2002,100.0
Georgia,GEO,2002,99.9
Ghana,GHA,2002,46.8
Gibraltar,GIB,2002,99.8
Guinea,GIN,2002,17.7
"Gambia, The",GMB,2002,31.5
Guinea-Bissau,GNB,2002,1.3
Equatorial Guinea,GNQ,2002,64.9
Greece,GRC,2002,100.0
Grenada,GRD,2002,86.6
Greenland,GRL,2002,100.0
Guatemala,GTM,2002,78.7
Guam,GUM,2002,100.0
Guyana,GUY,2002,75.7
High income,HIC,2002,99.4863294366507
"Hong Kong SAR, China",HKG,2002,100.0
Honduras,HND,2002,63.1
Heavily indebted poor countries (HIPC),HPC,2002,19.4035785911305
Croatia,HRV,2002,100.0
Haiti,HTI,2002,33.1
Hungary,HUN,2002,100.0
IBRD only,IBD,2002,85.5983613837498
IDA & IBRD total,IBT,2002,75.0793291008235
IDA total,IDA,2002,38.6836576750573
IDA blend,IDB,2002,57.4182135042788
Indonesia,IDN,2002,87.6
IDA only,IDX,2002,28.5015689211888
Isle of Man,IMN,2002,100.0
India,IND,2002,62.3
Ireland,IRL,2002,100.0
"Iran, Islamic Rep.",IRN,2002,98.1
Iraq,IRQ,2002,97.1
Iceland,ISL,2002,100.0
Israel,ISR,2002,100.0
Italy,ITA,2002,100.0
Jamaica,JAM,2002,86.7
Jordan,JOR,2002,99.5
Japan,JPN,2002,100.0
Kazakhstan,KAZ,2002,99.8
Kenya,KEN,2002,18.9
Kyrgyz Republic,KGZ,2002,100.0
Cambodia,KHM,2002,13.1
Kiribati,KIR,2002,59.0
St. Kitts and Nevis,KNA,2002,95.8
"Korea, Rep.",KOR,2002,100.0
Kuwait,KWT,2002,100.0
Latin America & Caribbean (excluding high income),LAC,2002,92.0423596677612
Lao PDR,LAO,2002,46.3
Lebanon,LBN,2002,99.3
Libya,LBY,2002,95.2
St. Lucia,LCA,2002,87.7
Latin America & Caribbean,LCN,2002,92.655446118845
Least developed countries: UN classification,LDC,2002,22.9818079125835
Low income,LIC,2002,18.6181369987831
Liechtenstein,LIE,2002,100.0
Sri Lanka,LKA,2002,80.7
Lower middle income,LMC,2002,60.3261071760978
Low & middle income,LMY,2002,74.8149999966792
Lesotho,LSO,2002,3.4
Late-demographic dividend,LTE,2002,96.2537074525688
Lithuania,LTU,2002,99.4
Luxembourg,LUX,2002,100.0
Latvia,LVA,2002,99.8
"Macao SAR, China",MAC,2002,100.0
St. Martin (French part),MAF,2002,99.9
Morocco,MAR,2002,73.3
Monaco,MCO,2002,100.0
Moldova,MDA,2002,99.0
Madagascar,MDG,2002,14.0
Maldives,MDV,2002,88.3
"Middle East, North Africa, Afghanistan & Pakistan",MEA,2002,83.6085979368698
Mexico,MEX,2002,97.9
Marshall Islands,MHL,2002,71.5
Middle income,MIC,2002,78.5549158338106
North Macedonia,MKD,2002,99.0
Mali,MLI,2002,13.0
Malta,MLT,2002,100.0
Myanmar,MMR,2002,47.0
"Middle East, North Africa, Afghanistan & Pakistan (excluding high income)",MNA,2002,82.4339201108434
Montenegro,MNE,2002,99.0
Mongolia,MNG,2002,72.8
Northern Mariana Islands,MNP,2002,99.9
Mozambique,MOZ,2002,8.4
Mauritania,MRT,2002,21.7
Mauritius,MUS,2002,99.4
Malawi,MWI,2002,5.6
Malaysia,MYS,2002,98.6
North America,NAC,2002,100.0
Namibia,NAM,2002,36.9
New Caledonia,NCL,2002,100.0
Niger,NER,2002,8.8
Nigeria,NGA,2002,44.6
Nicaragua,NIC,2002,74.1
Netherlands,NLD,2002,100.0
Norway,NOR,2002,100.0
Nepal,NPL,2002,36.4
Nauru,NRU,2002,99.0
New Zealand,NZL,2002,100.0
OECD members,OED,2002,99.6034955899274
Oman,OMN,2002,100.0
Other small states,OSS,2002,72.1259448622127
Pakistan,PAK,2002,74.9
Panama,PAN,2002,82.1
Peru,PER,2002,74.4
Philippines,PHL,2002,76.7
Palau,PLW,2002,98.0
Papua New Guinea,PNG,2002,13.1
Poland,POL,2002,100.0
Pre-demographic dividend,PRE,2002,27.0118794606105
Puerto Rico (US),PRI,2002,100.0
Portugal,PRT,2002,100.0
Paraguay,PRY,2002,91.7
West Bank and Gaza,PSE,2002,99.2
Pacific island small states,PSS,2002,58.333247934756
Post-demographic dividend,PST,2002,99.7316007227745
French Polynesia,PYF,2002,100.0
Qatar,QAT,2002,100.0
Romania,ROU,2002,94.9
Russian Federation,RUS,2002,97.9
Rwanda,RWA,2002,6.0
South Asia,SAS,2002,59.4157839766721
Saudi Arabia,SAU,2002,100.0
Sudan,SDN,2002,29.7
Senegal,SEN,2002,36.8
Singapore,SGP,2002,100.0
Solomon Islands,SLB,2002,10.5
Sierra Leone,SLE,2002,9.2
El Salvador,SLV,2002,87.5
San Marino,SMR,2002,100.0
"Somalia, Fed. Rep.",SOM,2002,7.4
Serbia,SRB,2002,100.0
Sub-Saharan Africa (excluding high income),SSA,2002,29.0627151756805
Sub-Saharan Africa,SSF,2002,27.3364835483685
Small states,SST,2002,74.9680247255988
Sao Tome and Principe,STP,2002,52.5
Suriname,SUR,2002,95.2
Slovak Republic,SVK,2002,100.0
Slovenia,SVN,2002,100.0
Sweden,SWE,2002,100.0
Eswatini,SWZ,2002,25.9
Sint Maarten (Dutch part),SXM,2002,99.9
Seychelles,SYC,2002,96.1
Syrian Arab Republic,SYR,2002,86.6
Turks and Caicos Islands,TCA,2002,95.2
Chad,TCD,2002,3.8
East Asia & Pacific (IDA & IBRD countries),TEA,2002,92.1533732164058
Europe & Central Asia (IDA & IBRD countries),TEC,2002,98.4238273852713
Togo,TGO,2002,21.3
Thailand,THA,2002,91.0
Tajikistan,TJK,2002,99.0
Turkmenistan,TKM,2002,99.6
Latin America & the Caribbean (IDA & IBRD countries),TLA,2002,92.5289426557733
Timor-Leste,TLS,2002,24.1
"Middle East, North Africa, Afghanistan & Pakistan (IDA & IBRD)",TMN,2002,82.3266033779687
Tonga,TON,2002,87.0
South Asia (IDA & IBRD),TSA,2002,59.4157839766721
Sub-Saharan Africa (IDA & IBRD countries),TSS,2002,27.3364835483685
Trinidad and Tobago,TTO,2002,96.5
Tunisia,TUN,2002,97.8
Turkiye,TUR,2002,99.8
Tuvalu,TUV,2002,94.6
Tanzania,TZA,2002,10.7
Uganda,UGA,2002,7.8
Ukraine,UKR,2002,99.3
Upper middle income,UMC,2002,95.2999666524645
Uruguay,URY,2002,97.8
United States,USA,2002,100.0
Uzbekistan,UZB,2002,99.7
St. Vincent and the Grenadines,VCT,2002,82.4
"Venezuela, RB",VEN,2002,99.8
British Virgin Islands,VGB,2002,97.3
Virgin Islands (U.S.),VIR,2002,100.0
Viet Nam,VNM,2002,89.1
Vanuatu,VUT,2002,25.7
World,WLD,2002,79.1007987332703
Samoa,WSM,2002,89.3
"Yemen, Rep.",YEM,2002,51.5
South Africa,ZAF,2002,76.7
Zambia,ZMB,2002,17.4
Zimbabwe,ZWE,2002,34.2
Aruba,ABW,2003,100.0
Africa Eastern and Southern,AFE,2003,22.4932167182052
Afghanistan,AFG,2003,19.0
Africa Western and Central,AFW,2003,39.9602539341217
Angola,AGO,2003,27.4
Albania,ALB,2003,99.4
Andorra,AND,2003,100.0
Arab World,ARB,2003,82.3422219013586
United Arab Emirates,ARE,2003,100.0
Argentina,ARG,2003,96.3
Armenia,ARM,2003,99.1
Antigua and Barbuda,ATG,2003,97.9
Australia,AUS,2003,100.0
Austria,AUT,2003,100.0
Azerbaijan,AZE,2003,98.8
Burundi,BDI,2003,3.4
Belgium,BEL,2003,100.0
Benin,BEN,2003,24.3
Burkina Faso,BFA,2003,11.4
Bangladesh,BGD,2003,40.5
Bulgaria,BGR,2003,89.6
Bahrain,BHR,2003,100.0
"Bahamas, The",BHS,2003,100.0
Bosnia and Herzegovina,BIH,2003,99.0
Belarus,BLR,2003,90.5
Belize,BLZ,2003,81.8
Bermuda,BMU,2003,100.0
Bolivia,BOL,2003,72.3
Brazil,BRA,2003,97.0
Barbados,BRB,2003,100.0
Brunei Darussalam,BRN,2003,100.0
Bhutan,BTN,2003,41.1
Botswana,BWA,2003,33.1
Central African Republic,CAF,2003,6.6
Canada,CAN,2003,100.0
Central Europe and the Baltics,CEB,2003,98.1907968950416
Switzerland,CHE,2003,100.0
Channel Islands,CHI,2003,100.0
Chile,CHL,2003,98.8
China,CHN,2003,97.4
Cote d'Ivoire,CIV,2003,51.5
Cameroon,CMR,2003,45.1
"Congo, Dem. Rep.",COD,2003,8.3
"Congo, Rep.",COG,2003,32.1
Colombia,COL,2003,95.1
Comoros,COM,2003,46.5
Cabo Verde,CPV,2003,63.7
Costa Rica,CRI,2003,98.7
Caribbean small states,CSS,2003,91.0018718387357
Cuba,CUB,2003,96.5
Curacao,CUW,2003,99.8
Cayman Islands,CYM,2003,100.0
Cyprus,CYP,2003,100.0
Czechia,CZE,2003,100.0
Germany,DEU,2003,100.0
Djibouti,DJI,2003,56.4
Dominica,DMA,2003,84.0
Denmark,DNK,2003,100.0
Dominican Republic,DOM,2003,89.2
Algeria,DZA,2003,98.6
East Asia & Pacific (excluding high income),EAP,2003,92.3780477719541
Early-demographic dividend,EAR,2003,70.8824068395399
East Asia & Pacific,EAS,2003,93.1629584469729
Europe & Central Asia (excluding high income),ECA,2003,99.1484918236264
Europe & Central Asia,ECS,2003,99.2130325995693
Ecuador,ECU,2003,95.0
"Egypt, Arab Rep.",EGY,2003,98.8
Euro area,EMU,2003,99.9924104678383
Eritrea,ERI,2003,32.4
Spain,ESP,2003,100.0
Estonia,EST,2003,100.0
Ethiopia,ETH,2003,13.5
European Union,EUU,2003,99.5539907205916
Fragile and conflict affected situations,FCS,2003,43.2768923134386
Finland,FIN,2003,100.0
Fiji,FJI,2003,80.0
France,FRA,2003,100.0
Faroe Islands,FRO,2003,100.0
"Micronesia, Fed. Sts.",FSM,2003,51.8
Gabon,GAB,2003,78.5
United Kingdom,GBR,2003,100.0
Georgia,GEO,2003,100.0
Ghana,GHA,2003,48.3
Gibraltar,GIB,2003,99.8
Guinea,GIN,2003,18.9
"Gambia, The",GMB,2003,27.8
Guinea-Bissau,GNB,2003,2.6
Equatorial Guinea,GNQ,2003,64.9
Greece,GRC,2003,100.0
Grenada,GRD,2003,86.9
Greenland,GRL,2003,100.0
Guatemala,GTM,2003,78.5
Guam,GUM,2003,100.0
Guyana,GUY,2003,76.2
High income,HIC,2003,99.5284253858734
"Hong Kong SAR, China",HKG,2003,100.0
Honduras,HND,2003,65.1
Heavily indebted poor countries (HIPC),HPC,2003,20.8722972088871
Croatia,HRV,2003,100.0
Haiti,HTI,2003,31.6
Hungary,HUN,2003,100.0
IBRD only,IBD,2003,86.5581956902272
IDA & IBRD total,IBT,2003,76.1346447409064
IDA total,IDA,2003,40.5370390219668
IDA blend,IDB,2003,60.0952816511328
Indonesia,IDN,2003,87.9
IDA only,IDX,2003,29.8984638542453
Isle of Man,IMN,2003,100.0
India,IND,2003,65.4
Ireland,IRL,2003,100.0
"Iran, Islamic Rep.",IRN,2003,98.2
Iraq,IRQ,2003,97.2
Iceland,ISL,2003,100.0
Israel,ISR,2003,100.0
Italy,ITA,2003,100.0
Jamaica,JAM,2003,86.5
Jordan,JOR,2003,99.0
Japan,JPN,2003,100.0
Kazakhstan,KAZ,2003,99.9
Kenya,KEN,2003,16.0
Kyrgyz Republic,KGZ,2003,99.4
Cambodia,KHM,2003,19.3
Kiribati,KIR,2003,60.7
St. Kitts and Nevis,KNA,2003,96.0
"Korea, Rep.",KOR,2003,100.0
Kuwait,KWT,2003,100.0
Latin America & Caribbean (excluding high income),LAC,2003,92.2645525611602
Lao PDR,LAO,2003,48.0
Lebanon,LBN,2003,99.2
Libya,LBY,2003,93.5
St. Lucia,LCA,2003,88.5
Latin America & Caribbean,LCN,2003,92.7384088334582
Least developed countries: UN classification,LDC,2003,24.5199238268639
Low income,LIC,2003,20.3661253899854
Liechtenstein,LIE,2003,100.0
Sri Lanka,LKA,2003,75.0
Lower middle income,LMC,2003,62.7214572996984
Low & middle income,LMY,2003,75.9629674314024
Lesotho,LSO,2003,5.4
Late-demographic dividend,LTE,2003,96.4557227481915
Lithuania,LTU,2003,99.4
Luxembourg,LUX,2003,100.0
Latvia,LVA,2003,99.8
"Macao SAR, China",MAC,2003,100.0
St. Martin (French part),MAF,2003,99.8
Morocco,MAR,2003,75.1
Monaco,MCO,2003,100.0
Moldova,MDA,2003,98.8
Madagascar,MDG,2003,20.3
Maldives,MDV,2003,89.1
"Middle East, North Africa, Afghanistan & Pakistan",MEA,2003,84.5846166554136
Mexico,MEX,2003,97.4
Marshall Islands,MHL,2003,72.9
Middle income,MIC,2003,79.7289717841543
North Macedonia,MKD,2003,99.0
Mali,MLI,2003,14.7
Malta,MLT,2003,100.0
Myanmar,MMR,2003,45.1
"Middle East, North Africa, Afghanistan & Pakistan (excluding high income)",MNA,2003,83.4603130572668
Montenegro,MNE,2003,99.0
Mongolia,MNG,2003,76.3
Northern Mariana Islands,MNP,2003,99.9
Mozambique,MOZ,2003,8.1
Mauritania,MRT,2003,23.0
Mauritius,MUS,2003,99.1
Malawi,MWI,2003,6.2
Malaysia,MYS,2003,98.7
North America,NAC,2003,100.0
Namibia,NAM,2003,37.8
New Caledonia,NCL,2003,100.0
Niger,NER,2003,9.3
Nigeria,NGA,2003,52.2
Nicaragua,NIC,2003,74.6
Netherlands,NLD,2003,100.0
Norway,NOR,2003,100.0
Nepal,NPL,2003,39.6
Nauru,NRU,2003,99.0
New Zealand,NZL,2003,100.0
OECD members,OED,2003,99.5827208408458
Oman,OMN,2003,100.0
Other small states,OSS,2003,73.1695370111875
Pakistan,PAK,2003,76.0
Panama,PAN,2003,87.8
Peru,PER,2003,74.4
Philippines,PHL,2003,76.6
Palau,PLW,2003,98.1
Papua New Guinea,PNG,2003,13.4
Poland,POL,2003,99.9
Pre-demographic dividend,PRE,2003,29.5031181521788
Puerto Rico (US),PRI,2003,100.0
Portugal,PRT,2003,100.0
Paraguay,PRY,2003,92.6
West Bank and Gaza,PSE,2003,99.1
Pacific island small states,PSS,2003,59.4337402008496
Post-demographic dividend,PST,2003,99.7555451096394
French Polynesia,PYF,2003,100.0
Qatar,QAT,2003,100.0
Romania,ROU,2003,95.1
Russian Federation,RUS,2003,97.9
Rwanda,RWA,2003,7.4
South Asia,SAS,2003,62.3411030558805
Saudi Arabia,SAU,2003,100.0
Sudan,SDN,2003,29.9
Senegal,SEN,2003,41.9
Singapore,SGP,2003,100.0
Solomon Islands,SLB,2003,13.4
Sierra Leone,SLE,2003,9.9
El Salvador,SLV,2003,87.0
San Marino,SMR,2003,100.0
"Somalia, Fed. Rep.",SOM,2003,9.8
Serbia,SRB,2003,99.7
Sub-Saharan Africa (excluding high income),SSA,2003,31.4003762022707
Sub-Saharan Africa,SSF,2003,29.5928962069565
Small states,SST,2003,75.7916539602274
Sao Tome and Principe,STP,2003,53.6
Suriname,SUR,2003,95.1
Slovak Republic,SVK,2003,100.0
Slovenia,SVN,2003,100.0
Sweden,SWE,2003,100.0
Eswatini,SWZ,2003,28.7
Sint Maarten (Dutch part),SXM,2003,99.8
Seychelles,SYC,2003,94.9
Syrian Arab Republic,SYR,2003,92.6
Turks and Caicos Islands,TCA,2003,95.4
Chad,TCD,2003,4.1
East Asia & Pacific (IDA & IBRD countries),TEA,2003,92.3781448783281
Europe & Central Asia (IDA & IBRD countries),TEC,2003,98.438063287488
Togo,TGO,2003,23.0
Thailand,THA,2003,91.6
Tajikistan,TJK,2003,100.0
Turkmenistan,TKM,2003,99.6
Latin America & the Caribbean (IDA & IBRD countries),TLA,2003,92.5944126162123
Timor-Leste,TLS,2003,27.7
"Middle East, North Africa, Afghanistan & Pakistan (IDA & IBRD)",TMN,2003,83.3598460483781
Tonga,TON,2003,87.6
South Asia (IDA & IBRD),TSA,2003,62.3411030558805
Sub-Saharan Africa (IDA & IBRD countries),TSS,2003,29.5928962069565
Trinidad and Tobago,TTO,2003,96.7
Tunisia,TUN,2003,98.4
Turkiye,TUR,2003,99.8
Tuvalu,TUV,2003,95.1
Tanzania,TZA,2003,11.1
Uganda,UGA,2003,10.5
Ukraine,UKR,2003,99.3
Upper middle income,UMC,2003,95.5085423335644
Uruguay,URY,2003,97.9
United States,USA,2003,100.0
Uzbekistan,UZB,2003,99.5
St. Vincent and the Grenadines,VCT,2003,83.7
"Venezuela, RB",VEN,2003,95.7
British Virgin Islands,VGB,2003,97.4
Virgin Islands (U.S.),VIR,2003,100.0
Viet Nam,VNM,2003,90.3
Vanuatu,VUT,2003,27.5
World,WLD,2003,79.9649010273987
Samoa,WSM,2003,89.9
"Yemen, Rep.",YEM,2003,52.6
South Africa,ZAF,2003,78.8
Zambia,ZMB,2003,18.5
Zimbabwe,ZWE,2003,35.1
Aruba,ABW,2004,100.0
Africa Eastern and Southern,AFE,2004,23.724454932615
Afghanistan,AFG,2004,23.8
Africa Western and Central,AFW,2004,37.5945022413501
Angola,AGO,2004,28.4
Albania,ALB,2004,99.4
Andorra,AND,2004,100.0
Arab World,ARB,2004,82.2795249538868
United Arab Emirates,ARE,2004,100.0
Argentina,ARG,2004,96.5
Armenia,ARM,2004,99.1
Antigua and Barbuda,ATG,2004,97.9
Australia,AUS,2004,100.0
Austria,AUT,2004,100.0
Azerbaijan,AZE,2004,99.0
Burundi,BDI,2004,3.7
Belgium,BEL,2004,100.0
Benin,BEN,2004,25.2
Burkina Faso,BFA,2004,10.7
Bangladesh,BGD,2004,40.6
Bulgaria,BGR,2004,90.1
Bahrain,BHR,2004,100.0
"Bahamas, The",BHS,2004,100.0
Bosnia and Herzegovina,BIH,2004,99.1
Belarus,BLR,2004,91.0
Belize,BLZ,2004,82.6
Bermuda,BMU,2004,100.0
Bolivia,BOL,2004,75.9
Brazil,BRA,2004,96.8
Barbados,BRB,2004,99.9
Brunei Darussalam,BRN,2004,100.0
Bhutan,BTN,2004,51.9
Botswana,BWA,2004,35.3
Central African Republic,CAF,2004,7.0
Canada,CAN,2004,100.0
Central Europe and the Baltics,CEB,2004,98.26792983008
Switzerland,CHE,2004,100.0
Channel Islands,CHI,2004,100.0
Chile,CHL,2004,97.5
China,CHN,2004,97.7
Cote d'Ivoire,CIV,2004,52.4
Cameroon,CMR,2004,47.1
"Congo, Dem. Rep.",COD,2004,9.0
"Congo, Rep.",COG,2004,33.0
Colombia,COL,2004,95.3
Comoros,COM,2004,48.7
Cabo Verde,CPV,2004,65.4
Costa Rica,CRI,2004,99.0
Caribbean small states,CSS,2004,91.2894647290611
Cuba,CUB,2004,96.6
Curacao,CUW,2004,99.8
Cayman Islands,CYM,2004,100.0
Cyprus,CYP,2004,100.0
Czechia,CZE,2004,100.0
Germany,DEU,2004,100.0
Djibouti,DJI,2004,56.6
Dominica,DMA,2004,85.0
Denmark,DNK,2004,100.0
Dominican Republic,DOM,2004,90.3
Algeria,DZA,2004,98.6
East Asia & Pacific (excluding high income),EAP,2004,93.2660680387974
Early-demographic dividend,EAR,2004,71.1114199587976
East Asia & Pacific,EAS,2004,93.9563207271355
Europe & Central Asia (excluding high income),ECA,2004,99.1355245420636
Europe & Central Asia,ECS,2004,99.2390073501008
Ecuador,ECU,2004,94.8
"Egypt, Arab Rep.",EGY,2004,97.8
Euro area,EMU,2004,99.9905592807387
Eritrea,ERI,2004,33.4
Spain,ESP,2004,100.0
Estonia,EST,2004,100.0
Ethiopia,ETH,2004,15.2
European Union,EUU,2004,99.5758248331858
Fragile and conflict affected situations,FCS,2004,42.5868036237734
Finland,FIN,2004,100.0
Fiji,FJI,2004,80.6
France,FRA,2004,100.0
Faroe Islands,FRO,2004,100.0
"Micronesia, Fed. Sts.",FSM,2004,53.5
Gabon,GAB,2004,79.2
United Kingdom,GBR,2004,100.0
Georgia,GEO,2004,99.9
Ghana,GHA,2004,50.8
Gibraltar,GIB,2004,99.7
Guinea,GIN,2004,20.2
"Gambia, The",GMB,2004,34.8
Guinea-Bissau,GNB,2004,3.9
Equatorial Guinea,GNQ,2004,64.9
Greece,GRC,2004,100.0
Grenada,GRD,2004,87.2
Greenland,GRL,2004,100.0
Guatemala,GTM,2004,77.2
Guam,GUM,2004,100.0
Guyana,GUY,2004,76.8
High income,HIC,2004,99.5231891566816
"Hong Kong SAR, China",HKG,2004,100.0
Honduras,HND,2004,67.1
Heavily indebted poor countries (HIPC),HPC,2004,21.919398023812
Croatia,HRV,2004,99.9
Haiti,HTI,2004,34.1
Hungary,HUN,2004,100.0
IBRD only,IBD,2004,86.7184905424753
IDA & IBRD total,IBT,2004,76.1444536080495
IDA total,IDA,2004,40.4881193660397
IDA blend,IDB,2004,59.1432742468789
Indonesia,IDN,2004,89.0
IDA only,IDX,2004,30.3187820346722
Isle of Man,IMN,2004,100.0
India,IND,2004,64.4
Ireland,IRL,2004,100.0
"Iran, Islamic Rep.",IRN,2004,98.3
Iraq,IRQ,2004,97.3
Iceland,ISL,2004,100.0
Israel,ISR,2004,100.0
Italy,ITA,2004,100.0
Jamaica,JAM,2004,87.2
Jordan,JOR,2004,99.2
Japan,JPN,2004,100.0
Kazakhstan,KAZ,2004,100.0
Kenya,KEN,2004,22.6
Kyrgyz Republic,KGZ,2004,99.3
Cambodia,KHM,2004,14.2
Kiribati,KIR,2004,62.4
St. Kitts and Nevis,KNA,2004,96.3
"Korea, Rep.",KOR,2004,100.0
Kuwait,KWT,2004,100.0
Latin America & Caribbean (excluding high income),LAC,2004,92.689959545234
Lao PDR,LAO,2004,53.5
Lebanon,LBN,2004,99.9
Libya,LBY,2004,91.8
St. Lucia,LCA,2004,89.3
Latin America & Caribbean,LCN,2004,93.2191410103356
Least developed countries: UN classification,LDC,2004,24.9097194152985
Low income,LIC,2004,20.9581597602251
Liechtenstein,LIE,2004,100.0
Sri Lanka,LKA,2004,76.5
Lower middle income,LMC,2004,62.5400415902315
Low & middle income,LMY,2004,75.9638782207172
Lesotho,LSO,2004,6.8
Late-demographic dividend,LTE,2004,96.7359835008107
Lithuania,LTU,2004,99.4
Luxembourg,LUX,2004,100.0
Latvia,LVA,2004,99.7
"Macao SAR, China",MAC,2004,100.0
St. Martin (French part),MAF,2004,99.8
Morocco,MAR,2004,78.2
Monaco,MCO,2004,100.0
Moldova,MDA,2004,99.1
Madagascar,MDG,2004,15.3
Maldives,MDV,2004,90.0
"Middle East, North Africa, Afghanistan & Pakistan",MEA,2004,84.9804101170533
Mexico,MEX,2004,98.6
Marshall Islands,MHL,2004,74.3
Middle income,MIC,2004,79.7506013869186
North Macedonia,MKD,2004,99.4
Mali,MLI,2004,16.4
Malta,MLT,2004,100.0
Myanmar,MMR,2004,46.2
"Middle East, North Africa, Afghanistan & Pakistan (excluding high income)",MNA,2004,83.867411215778
Montenegro,MNE,2004,99.0
Mongolia,MNG,2004,74.8
Northern Mariana Islands,MNP,2004,99.8
Mozambique,MOZ,2004,10.7
Mauritania,MRT,2004,24.3
Mauritius,MUS,2004,99.0
Malawi,MWI,2004,6.9
Malaysia,MYS,2004,98.7
North America,NAC,2004,100.0
Namibia,NAM,2004,38.7
New Caledonia,NCL,2004,100.0
Niger,NER,2004,9.7
Nigeria,NGA,2004,46.1
Nicaragua,NIC,2004,75.2
Netherlands,NLD,2004,100.0
Norway,NOR,2004,100.0
Nepal,NPL,2004,37.2
Nauru,NRU,2004,99.0
New Zealand,NZL,2004,100.0
OECD members,OED,2004,99.666228773057
Oman,OMN,2004,100.0
Other small states,OSS,2004,74.5260416028874
Pakistan,PAK,2004,77.0
Panama,PAN,2004,83.4
Peru,PER,2004,75.7
Philippines,PHL,2004,87.6
Palau,PLW,2004,98.1
Papua New Guinea,PNG,2004,13.8
Poland,POL,2004,99.9
Pre-demographic dividend,PRE,2004,29.0143767372426
Puerto Rico (US),PRI,2004,100.0
Portugal,PRT,2004,100.0
Paraguay,PRY,2004,93.2
West Bank and Gaza,PSE,2004,99.5
Pacific island small states,PSS,2004,60.6186578451227
Post-demographic dividend,PST,2004,99.7721994027259
French Polynesia,PYF,2004,100.0
Qatar,QAT,2004,100.0
Romania,ROU,2004,95.3
Russian Federation,RUS,2004,98.0
Rwanda,RWA,2004,8.7
South Asia,SAS,2004,61.4842830339197
Saudi Arabia,SAU,2004,100.0
Sudan,SDN,2004,30.2
Senegal,SEN,2004,36.8
Singapore,SGP,2004,100.0
Solomon Islands,SLB,2004,16.3
Sierra Leone,SLE,2004,16.8
El Salvador,SLV,2004,87.4
San Marino,SMR,2004,100.0
"Somalia, Fed. Rep.",SOM,2004,12.4
Serbia,SRB,2004,99.6
Sub-Saharan Africa (excluding high income),SSA,2004,30.9658946882782
Sub-Saharan Africa,SSF,2004,29.3700290990252
Small states,SST,2004,76.8496925221964
Sao Tome and Principe,STP,2004,54.7
Suriname,SUR,2004,95.0
Slovak Republic,SVK,2004,100.0
Slovenia,SVN,2004,100.0
Sweden,SWE,2004,100.0
Eswatini,SWZ,2004,31.4
Sint Maarten (Dutch part),SXM,2004,99.8
Seychelles,SYC,2004,95.2
Syrian Arab Republic,SYR,2004,92.3
Turks and Caicos Islands,TCA,2004,95.7
Chad,TCD,2004,3.5
East Asia & Pacific (IDA & IBRD countries),TEA,2004,93.2661505857218
Europe & Central Asia (IDA & IBRD countries),TEC,2004,98.486641163599
Togo,TGO,2004,24.8
Thailand,THA,2004,92.2
Tajikistan,TJK,2004,98.5
Turkmenistan,TKM,2004,99.5
Latin America & the Caribbean (IDA & IBRD countries),TLA,2004,93.0888207078371
Timor-Leste,TLS,2004,30.4
"Middle East, North Africa, Afghanistan & Pakistan (IDA & IBRD)",TMN,2004,83.7666973214964
Tonga,TON,2004,88.3
South Asia (IDA & IBRD),TSA,2004,61.4842830339197
Sub-Saharan Africa (IDA & IBRD countries),TSS,2004,29.3700290990251
Trinidad and Tobago,TTO,2004,96.8
Tunisia,TUN,2004,99.0
Turkiye,TUR,2004,99.7
Tuvalu,TUV,2004,95.3
Tanzania,TZA,2004,11.4
Uganda,UGA,2004,11.6
Ukraine,UKR,2004,99.4
Upper middle income,UMC,2004,95.8757221291524
Uruguay,URY,2004,98.0
United States,USA,2004,100.0
Uzbekistan,UZB,2004,99.5
St. Vincent and the Grenadines,VCT,2004,84.9
"Venezuela, RB",VEN,2004,99.1
British Virgin Islands,VGB,2004,97.5
Virgin Islands (U.S.),VIR,2004,100.0
Viet Nam,VNM,2004,91.0
Vanuatu,VUT,2004,29.2
World,WLD,2004,79.9521476684051
Samoa,WSM,2004,90.5
"Yemen, Rep.",YEM,2004,49.6
South Africa,ZAF,2004,80.6
Zambia,ZMB,2004,20.3
Zimbabwe,ZWE,2004,35.6
Aruba,ABW,2005,100.0
Africa Eastern and Southern,AFE,2005,23.449539355606
Afghanistan,AFG,2005,28.7
Africa Western and Central,AFW,2005,37.9359101368567
Angola,AGO,2005,29.4
Albania,ALB,2005,99.4
Andorra,AND,2005,100.0
Arab World,ARB,2005,83.07676744851
United Arab Emirates,ARE,2005,100.0
Argentina,ARG,2005,96.7
Armenia,ARM,2005,99.8
Antigua and Barbuda,ATG,2005,92.2
Australia,AUS,2005,100.0
Austria,AUT,2005,100.0
Azerbaijan,AZE,2005,99.1
Burundi,BDI,2005,3.2
Belgium,BEL,2005,100.0
Benin,BEN,2005,26.1
Burkina Faso,BFA,2005,11.1
Bangladesh,BGD,2005,44.2
Bulgaria,BGR,2005,90.6
Bahrain,BHR,2005,100.0
"Bahamas, The",BHS,2005,100.0
Bosnia and Herzegovina,BIH,2005,99.1
Belarus,BLR,2005,91.5
Belize,BLZ,2005,83.5
Bermuda,BMU,2005,100.0
Bolivia,BOL,2005,68.3
Brazil,BRA,2005,97.1
Barbados,BRB,2005,99.9
Brunei Darussalam,BRN,2005,100.0
Bhutan,BTN,2005,59.8
Botswana,BWA,2005,37.5
Central African Republic,CAF,2005,7.4
Canada,CAN,2005,100.0
Central Europe and the Baltics,CEB,2005,98.3206998410279
Switzerland,CHE,2005,100.0
Channel Islands,CHI,2005,100.0
Chile,CHL,2005,97.7
China,CHN,2005,97.9
Cote d'Ivoire,CIV,2005,58.9
Cameroon,CMR,2005,47.2
"Congo, Dem. Rep.",COD,2005,6.0
"Congo, Rep.",COG,2005,33.8
Colombia,COL,2005,96.8
Comoros,COM,2005,51.0
Cabo Verde,CPV,2005,67.0
Costa Rica,CRI,2005,99.1
Caribbean small states,CSS,2005,90.8157874812197
Cuba,CUB,2005,96.8
Curacao,CUW,2005,99.7
Cayman Islands,CYM,2005,100.0
Cyprus,CYP,2005,100.0
Czechia,CZE,2005,100.0
Germany,DEU,2005,100.0
Djibouti,DJI,2005,56.8
Dominica,DMA,2005,86.0
Denmark,DNK,2005,100.0
Dominican Republic,DOM,2005,90.1
Algeria,DZA,2005,98.6
East Asia & Pacific (excluding high income),EAP,2005,92.8453003628586
Early-demographic dividend,EAR,2005,72.7507806716199
East Asia & Pacific,EAS,2005,93.575146301846
Europe & Central Asia (excluding high income),ECA,2005,99.2594569491161
Europe & Central Asia,ECS,2005,99.2799004349739
Ecuador,ECU,2005,95.8
"Egypt, Arab Rep.",EGY,2005,99.4
Euro area,EMU,2005,99.9891180707919
Eritrea,ERI,2005,34.5
Spain,ESP,2005,100.0
Estonia,EST,2005,100.0
Ethiopia,ETH,2005,14.0
European Union,EUU,2005,99.5913707294114
Fragile and conflict affected situations,FCS,2005,42.6845466464356
Finland,FIN,2005,100.0
Fiji,FJI,2005,81.6
France,FRA,2005,100.0
Faroe Islands,FRO,2005,100.0
"Micronesia, Fed. Sts.",FSM,2005,55.2
Gabon,GAB,2005,81.6
United Kingdom,GBR,2005,100.0
Georgia,GEO,2005,97.9
Ghana,GHA,2005,41.3
Gibraltar,GIB,2005,99.7
Guinea,GIN,2005,20.2
"Gambia, The",GMB,2005,30.5
Guinea-Bissau,GNB,2005,5.2
Equatorial Guinea,GNQ,2005,65.0
Greece,GRC,2005,100.0
Grenada,GRD,2005,87.5
Greenland,GRL,2005,100.0
Guatemala,GTM,2005,78.3
Guam,GUM,2005,100.0
Guyana,GUY,2005,77.5
High income,HIC,2005,99.5332329224938
"Hong Kong SAR, China",HKG,2005,100.0
Honduras,HND,2005,68.9
Heavily indebted poor countries (HIPC),HPC,2005,21.6656070263309
Croatia,HRV,2005,99.9
Haiti,HTI,2005,34.5
Hungary,HUN,2005,99.9
IBRD only,IBD,2005,87.7333227566688
IDA & IBRD total,IBT,2005,77.0597690009746
IDA total,IDA,2005,41.5224300100053
IDA blend,IDB,2005,60.2242112828434
Indonesia,IDN,2005,84.8
IDA only,IDX,2005,31.3066620418745
Isle of Man,IMN,2005,100.0
India,IND,2005,68.8
Ireland,IRL,2005,100.0
"Iran, Islamic Rep.",IRN,2005,98.4
Iraq,IRQ,2005,97.4
Iceland,ISL,2005,100.0
Israel,ISR,2005,100.0
Italy,ITA,2005,100.0
Jamaica,JAM,2005,88.0
Jordan,JOR,2005,99.0
Japan,JPN,2005,100.0
Kazakhstan,KAZ,2005,100.0
Kenya,KEN,2005,24.5
Kyrgyz Republic,KGZ,2005,99.4
Cambodia,KHM,2005,20.5
Kiribati,KIR,2005,69.7
St. Kitts and Nevis,KNA,2005,96.5
"Korea, Rep.",KOR,2005,100.0
Kuwait,KWT,2005,100.0
Latin America & Caribbean (excluding high income),LAC,2005,93.04014702185
Lao PDR,LAO,2005,57.2
Lebanon,LBN,2005,99.2
Libya,LBY,2005,90.1
St. Lucia,LCA,2005,90.1
Latin America & Caribbean,LCN,2005,93.5227442363083
Least developed countries: UN classification,LDC,2005,26.2711807463561
Low income,LIC,2005,20.9225715260673
Liechtenstein,LIE,2005,100.0
Sri Lanka,LKA,2005,78.1
Lower middle income,LMC,2005,65.248435602704
Low & middle income,LMY,2005,76.9875686095955
Lesotho,LSO,2005,9.6
Late-demographic dividend,LTE,2005,97.1664597205879
Lithuania,LTU,2005,99.4
Luxembourg,LUX,2005,100.0
Latvia,LVA,2005,99.7
"Macao SAR, China",MAC,2005,100.0
St. Martin (French part),MAF,2005,99.7
Morocco,MAR,2005,78.6
Monaco,MCO,2005,100.0
Moldova,MDA,2005,98.6
Madagascar,MDG,2005,16.0
Maldives,MDV,2005,90.9
"Middle East, North Africa, Afghanistan & Pakistan",MEA,2005,85.9579036662094
Mexico,MEX,2005,98.9
Marshall Islands,MHL,2005,75.7
Middle income,MIC,2005,80.9114618782945
North Macedonia,MKD,2005,99.1
Mali,MLI,2005,18.2
Malta,MLT,2005,100.0
Myanmar,MMR,2005,47.3
"Middle East, North Africa, Afghanistan & Pakistan (excluding high income)",MNA,2005,84.9004337403584
Montenegro,MNE,2005,99.8
Mongolia,MNG,2005,86.2
Northern Mariana Islands,MNP,2005,99.8
Mozambique,MOZ,2005,11.8
Mauritania,MRT,2005,18.2
Mauritius,MUS,2005,99.0
Malawi,MWI,2005,6.6
Malaysia,MYS,2005,98.7
North America,NAC,2005,100.0
Namibia,NAM,2005,39.6
New Caledonia,NCL,2005,100.0
Niger,NER,2005,7.1
Nigeria,NGA,2005,46.8
Nicaragua,NIC,2005,73.8
Netherlands,NLD,2005,100.0
Norway,NOR,2005,100.0
Nepal,NPL,2005,46.1
Nauru,NRU,2005,99.0
New Zealand,NZL,2005,100.0
OECD members,OED,2005,99.7390734427573
Oman,OMN,2005,99.9
Other small states,OSS,2005,75.7984756834167
Pakistan,PAK,2005,78.1
Panama,PAN,2005,84.1
Peru,PER,2005,77.2
Philippines,PHL,2005,79.8
Palau,PLW,2005,98.9
Papua New Guinea,PNG,2005,14.1
Poland,POL,2005,99.8
Pre-demographic dividend,PRE,2005,29.7529505923948
Puerto Rico (US),PRI,2005,100.0
Portugal,PRT,2005,100.0
Paraguay,PRY,2005,94.7
West Bank and Gaza,PSE,2005,99.6
Pacific island small states,PSS,2005,62.2414370499196
Post-demographic dividend,PST,2005,99.8064210710187
French Polynesia,PYF,2005,100.0
Qatar,QAT,2005,100.0
Romania,ROU,2005,95.6
Russian Federation,RUS,2005,98.0
Rwanda,RWA,2005,4.8
South Asia,SAS,2005,65.8536460162923
Saudi Arabia,SAU,2005,100.0
Sudan,SDN,2005,30.5
Senegal,SEN,2005,47.1
Singapore,SGP,2005,100.0
Solomon Islands,SLB,2005,19.2
Sierra Leone,SLE,2005,11.3
El Salvador,SLV,2005,87.5
San Marino,SMR,2005,100.0
"Somalia, Fed. Rep.",SOM,2005,15.0
Serbia,SRB,2005,99.7
Sub-Saharan Africa (excluding high income),SSA,2005,31.0879348122037
Sub-Saharan Africa,SSF,2005,29.3529629714108
Small states,SST,2005,77.6783676254051
Sao Tome and Principe,STP,2005,55.8
Suriname,SUR,2005,94.9
Slovak Republic,SVK,2005,99.9
Slovenia,SVN,2005,100.0
Sweden,SWE,2005,100.0
Eswatini,SWZ,2005,34.2
Sint Maarten (Dutch part),SXM,2005,99.7
Seychelles,SYC,2005,95.5
Syrian Arab Republic,SYR,2005,92.0
Turks and Caicos Islands,TCA,2005,96.0
Chad,TCD,2005,4.8
East Asia & Pacific (IDA & IBRD countries),TEA,2005,92.8453973742828
Europe & Central Asia (IDA & IBRD countries),TEC,2005,98.5682871495581
Togo,TGO,2005,26.5
Thailand,THA,2005,92.8
Tajikistan,TJK,2005,99.3
Turkmenistan,TKM,2005,99.5
Latin America & the Caribbean (IDA & IBRD countries),TLA,2005,93.3985919750135
Timor-Leste,TLS,2005,33.5
"Middle East, North Africa, Afghanistan & Pakistan (IDA & IBRD)",TMN,2005,84.8054610893122
Tonga,TON,2005,89.0
South Asia (IDA & IBRD),TSA,2005,65.8536460162923
Sub-Saharan Africa (IDA & IBRD countries),TSS,2005,29.3529629714108
Trinidad and Tobago,TTO,2005,95.0
Tunisia,TUN,2005,99.2
Turkiye,TUR,2005,99.7
Tuvalu,TUV,2005,95.5
Tanzania,TZA,2005,13.8
Uganda,UGA,2005,8.9
Ukraine,UKR,2005,99.9
Upper middle income,UMC,2005,95.7242684970584
Uruguay,URY,2005,98.0
United States,USA,2005,100.0
Uzbekistan,UZB,2005,99.4
St. Vincent and the Grenadines,VCT,2005,86.2
"Venezuela, RB",VEN,2005,98.8
British Virgin Islands,VGB,2005,97.6
Virgin Islands (U.S.),VIR,2005,100.0
Viet Nam,VNM,2005,96.1
Vanuatu,VUT,2005,31.0
World,WLD,2005,80.7013310816536
Samoa,WSM,2005,91.1
"Yemen, Rep.",YEM,2005,54.8
South Africa,ZAF,2005,80.8
Zambia,ZMB,2005,23.3
Zimbabwe,ZWE,2005,36.1
Aruba,ABW,2006,100.0
Africa Eastern and Southern,AFE,2006,25.1724823105969
Afghanistan,AFG,2006,33.5
Africa Western and Central,AFW,2006,39.9529044823027
Angola,AGO,2006,30.5
Albania,ALB,2006,99.4
Andorra,AND,2006,100.0
Arab World,ARB,2006,85.2843937164942
United Arab Emirates,ARE,2006,100.0
Argentina,ARG,2006,97.0
Armenia,ARM,2006,99.1
Antigua and Barbuda,ATG,2006,100.0
Australia,AUS,2006,100.0
Austria,AUT,2006,100.0
Azerbaijan,AZE,2006,99.5
Burundi,BDI,2006,2.7
Belgium,BEL,2006,100.0
Benin,BEN,2006,27.9
Burkina Faso,BFA,2006,11.6
Bangladesh,BGD,2006,50.5
Bulgaria,BGR,2006,91.2
Bahrain,BHR,2006,100.0
"Bahamas, The",BHS,2006,100.0
Bosnia and Herzegovina,BIH,2006,99.4
Belarus,BLR,2006,92.1
Belize,BLZ,2006,91.0
Bermuda,BMU,2006,100.0
Bolivia,BOL,2006,76.2
Brazil,BRA,2006,97.6
Barbados,BRB,2006,100.0
Brunei Darussalam,BRN,2006,100.0
Bhutan,BTN,2006,59.7
Botswana,BWA,2006,39.7
Central African Republic,CAF,2006,7.8
Canada,CAN,2006,100.0
Central Europe and the Baltics,CEB,2006,98.4242817808159
Switzerland,CHE,2006,100.0
Channel Islands,CHI,2006,100.0
Chile,CHL,2006,99.4
China,CHN,2006,98.2
Cote d'Ivoire,CIV,2006,60.2
Cameroon,CMR,2006,49.0
"Congo, Dem. Rep.",COD,2006,10.2
"Congo, Rep.",COG,2006,34.9
Colombia,COL,2006,95.7
Comoros,COM,2006,53.2
Cabo Verde,CPV,2006,68.8
Costa Rica,CRI,2006,99.1
Caribbean small states,CSS,2006,91.9463978625702
Cuba,CUB,2006,96.9
Curacao,CUW,2006,99.7
Cayman Islands,CYM,2006,100.0
Cyprus,CYP,2006,100.0
Czechia,CZE,2006,100.0
Germany,DEU,2006,100.0
Djibouti,DJI,2006,55.5
Dominica,DMA,2006,87.0
Denmark,DNK,2006,100.0
Dominican Republic,DOM,2006,90.1
Algeria,DZA,2006,98.7
East Asia & Pacific (excluding high income),EAP,2006,94.0414555134156
Early-demographic dividend,EAR,2006,73.7999828808332
East Asia & Pacific,EAS,2006,94.6471577043933
Europe & Central Asia (excluding high income),ECA,2006,99.2193080062368
Europe & Central Asia,ECS,2006,99.3013594788162
Ecuador,ECU,2006,96.3
"Egypt, Arab Rep.",EGY,2006,99.0
Euro area,EMU,2006,99.9873358295859
Eritrea,ERI,2006,35.6
Spain,ESP,2006,100.0
Estonia,EST,2006,100.0
Ethiopia,ETH,2006,18.6
European Union,EUU,2006,99.6188396472415
Fragile and conflict affected situations,FCS,2006,44.1300397901622
Finland,FIN,2006,100.0
Fiji,FJI,2006,82.6
France,FRA,2006,100.0
Faroe Islands,FRO,2006,100.0
"Micronesia, Fed. Sts.",FSM,2006,57.0
Gabon,GAB,2006,80.5
United Kingdom,GBR,2006,100.0
Georgia,GEO,2006,100.0
Ghana,GHA,2006,55.1
Gibraltar,GIB,2006,99.7
Guinea,GIN,2006,22.8
"Gambia, The",GMB,2006,38.1
Guinea-Bissau,GNB,2006,14.5
Equatorial Guinea,GNQ,2006,65.1
Greece,GRC,2006,100.0
Grenada,GRD,2006,87.9
Greenland,GRL,2006,100.0
Guatemala,GTM,2006,83.7
Guam,GUM,2006,100.0
Guyana,GUY,2006,73.4
High income,HIC,2006,99.5844244136188
"Hong Kong SAR, China",HKG,2006,100.0
Honduras,HND,2006,71.3
Heavily indebted poor countries (HIPC),HPC,2006,24.2970552406841
Croatia,HRV,2006,99.8
Haiti,HTI,2006,33.9
Hungary,HUN,2006,99.9
IBRD only,IBD,2006,88.1680891466254
IDA & IBRD total,IBT,2006,77.8552266546228
IDA total,IDA,2006,43.9691700385374
IDA blend,IDB,2006,61.1269826223224
Indonesia,IDN,2006,90.6
IDA only,IDX,2006,34.5806985469341
Isle of Man,IMN,2006,100.0
India,IND,2006,67.9
Ireland,IRL,2006,100.0
"Iran, Islamic Rep.",IRN,2006,98.4
Iraq,IRQ,2006,97.6
Iceland,ISL,2006,100.0
Israel,ISR,2006,100.0
Italy,ITA,2006,100.0
Jamaica,JAM,2006,88.7
Jordan,JOR,2006,100.0
Japan,JPN,2006,100.0
Kazakhstan,KAZ,2006,99.8
Kenya,KEN,2006,26.4
Kyrgyz Republic,KGZ,2006,98.9
Cambodia,KHM,2006,27.5
Kiribati,KIR,2006,68.8
St. Kitts and Nevis,KNA,2006,96.7
"Korea, Rep.",KOR,2006,100.0
Kuwait,KWT,2006,100.0
Latin America & Caribbean (excluding high income),LAC,2006,93.7685069423419
Lao PDR,LAO,2006,57.0
Lebanon,LBN,2006,99.4
Libya,LBY,2006,88.4
St. Lucia,LCA,2006,90.9
Latin America & Caribbean,LCN,2006,94.2593346225013
Least developed countries: UN classification,LDC,2006,29.1393924235058
Low income,LIC,2006,22.9522639867575
Liechtenstein,LIE,2006,100.0
Sri Lanka,LKA,2006,82.1
Lower middle income,LMC,2006,65.9772207361908
Low & middle income,LMY,2006,77.7787032314498
Lesotho,LSO,2006,9.7
Late-demographic dividend,LTE,2006,97.8894700699554
Lithuania,LTU,2006,99.4
Luxembourg,LUX,2006,100.0
Latvia,LVA,2006,99.6
"Macao SAR, China",MAC,2006,100.0
St. Martin (French part),MAF,2006,99.7
Morocco,MAR,2006,96.5
Monaco,MCO,2006,100.0
Moldova,MDA,2006,98.9
Madagascar,MDG,2006,16.8
Maldives,MDV,2006,91.7
"Middle East, North Africa, Afghanistan & Pakistan",MEA,2006,87.6565823004563
Mexico,MEX,2006,99.1
Marshall Islands,MHL,2006,77.2
Middle income,MIC,2006,81.685538137335
North Macedonia,MKD,2006,99.0
Mali,MLI,2006,16.6
Malta,MLT,2006,100.0
Myanmar,MMR,2006,48.4
"Middle East, North Africa, Afghanistan & Pakistan (excluding high income)",MNA,2006,86.7067349035165
Montenegro,MNE,2006,99.0
Mongolia,MNG,2006,77.0
Northern Mariana Islands,MNP,2006,99.7
Mozambique,MOZ,2006,13.0
Mauritania,MRT,2006,27.0
Mauritius,MUS,2006,99.0
Malawi,MWI,2006,3.7
Malaysia,MYS,2006,98.8
North America,NAC,2006,100.0
Namibia,NAM,2006,40.5
New Caledonia,NCL,2006,100.0
Niger,NER,2006,9.3
Nigeria,NGA,2006,47.6
Nicaragua,NIC,2006,76.3
Netherlands,NLD,2006,100.0
Norway,NOR,2006,100.0
Nepal,NPL,2006,51.2
Nauru,NRU,2006,99.0
New Zealand,NZL,2006,100.0
OECD members,OED,2006,99.7396526812623
Oman,OMN,2006,99.9
Other small states,OSS,2006,76.1827098373868
Pakistan,PAK,2006,79.1
Panama,PAN,2006,84.8
Peru,PER,2006,80.2
Philippines,PHL,2006,80.2
Palau,PLW,2006,98.3
Papua New Guinea,PNG,2006,12.4
Poland,POL,2006,99.8
Pre-demographic dividend,PRE,2006,31.0199911874381
Puerto Rico (US),PRI,2006,100.0
Portugal,PRT,2006,100.0
Paraguay,PRY,2006,96.7
West Bank and Gaza,PSE,2006,99.7
Pacific island small states,PSS,2006,61.6671146830488
Post-demographic dividend,PST,2006,99.8027859638569
French Polynesia,PYF,2006,100.0
Qatar,QAT,2006,100.0
Romania,ROU,2006,95.9
Russian Federation,RUS,2006,98.1
Rwanda,RWA,2006,11.4
South Asia,SAS,2006,65.9250452204119
Saudi Arabia,SAU,2006,100.0
Sudan,SDN,2006,30.8
Senegal,SEN,2006,49.9
Singapore,SGP,2006,100.0
Solomon Islands,SLB,2006,14.4
Sierra Leone,SLE,2006,12.2
El Salvador,SLV,2006,89.2
San Marino,SMR,2006,100.0
"Somalia, Fed. Rep.",SOM,2006,15.2
Serbia,SRB,2006,99.6
Sub-Saharan Africa (excluding high income),SSA,2006,32.6279350503343
Sub-Saharan Africa,SSF,2006,31.2016431937493
Small states,SST,2006,78.1006771419422
Sao Tome and Principe,STP,2006,56.9
Suriname,SUR,2006,91.0
Slovak Republic,SVK,2006,99.9
Slovenia,SVN,2006,100.0
Sweden,SWE,2006,100.0
Eswatini,SWZ,2006,35.2
Sint Maarten (Dutch part),SXM,2006,99.7
Seychelles,SYC,2006,99.0
Syrian Arab Republic,SYR,2006,99.5
Turks and Caicos Islands,TCA,2006,96.2
Chad,TCD,2006,5.1
East Asia & Pacific (IDA & IBRD countries),TEA,2006,94.0415260035912
Europe & Central Asia (IDA & IBRD countries),TEC,2006,98.6087161248617
Togo,TGO,2006,27.9
Thailand,THA,2006,99.1
Tajikistan,TJK,2006,98.6
Turkmenistan,TKM,2006,99.8
Latin America & the Caribbean (IDA & IBRD countries),TLA,2006,94.1560638664242
Timor-Leste,TLS,2006,36.7
"Middle East, North Africa, Afghanistan & Pakistan (IDA & IBRD)",TMN,2006,86.6225518861902
Tonga,TON,2006,92.3
South Asia (IDA & IBRD),TSA,2006,65.9250452204119
Sub-Saharan Africa (IDA & IBRD countries),TSS,2006,31.2016431937493
Trinidad and Tobago,TTO,2006,100.0
Tunisia,TUN,2006,99.4
Turkiye,TUR,2006,99.7
Tuvalu,TUV,2006,95.7
Tanzania,TZA,2006,14.9
Uganda,UGA,2006,9.0
Ukraine,UKR,2006,99.5
Upper middle income,UMC,2006,96.6830833993331
Uruguay,URY,2006,98.5
United States,USA,2006,100.0
Uzbekistan,UZB,2006,99.5
St. Vincent and the Grenadines,VCT,2006,87.5
"Venezuela, RB",VEN,2006,99.3
British Virgin Islands,VGB,2006,97.8
Virgin Islands (U.S.),VIR,2006,100.0
Viet Nam,VNM,2006,96.0
Vanuatu,VUT,2006,26.4
World,WLD,2006,81.3534633010675
Samoa,WSM,2006,96.4
"Yemen, Rep.",YEM,2006,55.8
South Africa,ZAF,2006,80.7
Zambia,ZMB,2006,24.1
Zimbabwe,ZWE,2006,37.2
Aruba,ABW,2007,100.0
Africa Eastern and Southern,AFE,2007,26.7951445862147
Afghanistan,AFG,2007,38.4
Africa Western and Central,AFW,2007,40.8648618879836
Angola,AGO,2007,37.5
Albania,ALB,2007,99.4
Andorra,AND,2007,100.0
Arab World,ARB,2007,83.6267638046023
United Arab Emirates,ARE,2007,100.0
Argentina,ARG,2007,97.2
Armenia,ARM,2007,99.2
Antigua and Barbuda,ATG,2007,100.0
Australia,AUS,2007,100.0
Austria,AUT,2007,100.0
Azerbaijan,AZE,2007,99.5
Burundi,BDI,2007,4.7
Belgium,BEL,2007,100.0
Benin,BEN,2007,28.0
Burkina Faso,BFA,2007,12.0
Bangladesh,BGD,2007,46.5
Bulgaria,BGR,2007,91.7
Bahrain,BHR,2007,100.0
"Bahamas, The",BHS,2007,100.0
Bosnia and Herzegovina,BIH,2007,99.7
Belarus,BLR,2007,92.6
Belize,BLZ,2007,85.2
Bermuda,BMU,2007,100.0
Bolivia,BOL,2007,80.2
Brazil,BRA,2007,98.1
Barbados,BRB,2007,100.0
Brunei Darussalam,BRN,2007,100.0
Bhutan,BTN,2007,71.8
Botswana,BWA,2007,41.9
Central African Republic,CAF,2007,8.4
Canada,CAN,2007,100.0
Central Europe and the Baltics,CEB,2007,98.5276446395055
Switzerland,CHE,2007,100.0
Channel Islands,CHI,2007,100.0
Chile,CHL,2007,98.0
China,CHN,2007,98.5
Cote d'Ivoire,CIV,2007,55.3
Cameroon,CMR,2007,48.2
"Congo, Dem. Rep.",COD,2007,15.2
"Congo, Rep.",COG,2007,35.8
Colombia,COL,2007,96.0
Comoros,COM,2007,55.5
Cabo Verde,CPV,2007,70.5
Costa Rica,CRI,2007,99.2
Caribbean small states,CSS,2007,93.0816054727479
Cuba,CUB,2007,97.1
Curacao,CUW,2007,99.7
Cayman Islands,CYM,2007,100.0
Cyprus,CYP,2007,100.0
Czechia,CZE,2007,100.0
Germany,DEU,2007,100.0
Djibouti,DJI,2007,57.2
Dominica,DMA,2007,88.1
Denmark,DNK,2007,100.0
Dominican Republic,DOM,2007,96.9
Algeria,DZA,2007,98.7
East Asia & Pacific (excluding high income),EAP,2007,94.0513892360771
Early-demographic dividend,EAR,2007,75.6550383386468
East Asia & Pacific,EAS,2007,94.6545403732641
Europe & Central Asia (excluding high income),ECA,2007,99.3389908321698
Europe & Central Asia,ECS,2007,99.3630803564705
Ecuador,ECU,2007,96.8
"Egypt, Arab Rep.",EGY,2007,98.4
Euro area,EMU,2007,99.9897388322153
Eritrea,ERI,2007,36.7
Spain,ESP,2007,100.0
Estonia,EST,2007,100.0
Ethiopia,ETH,2007,20.3
European Union,EUU,2007,99.6464075255034
Fragile and conflict affected situations,FCS,2007,44.9119118754016
Finland,FIN,2007,100.0
Fiji,FJI,2007,88.9
France,FRA,2007,100.0
Faroe Islands,FRO,2007,100.0
"Micronesia, Fed. Sts.",FSM,2007,58.7
Gabon,GAB,2007,81.3
United Kingdom,GBR,2007,100.0
Georgia,GEO,2007,100.0
Ghana,GHA,2007,56.9
Gibraltar,GIB,2007,99.7
Guinea,GIN,2007,24.1
"Gambia, The",GMB,2007,39.8
Guinea-Bissau,GNB,2007,7.9
Equatorial Guinea,GNQ,2007,65.1
Greece,GRC,2007,100.0
Grenada,GRD,2007,88.2
Greenland,GRL,2007,100.0
Guatemala,GTM,2007,80.7
Guam,GUM,2007,100.0
Guyana,GUY,2007,78.5
High income,HIC,2007,99.5944463812784
"Hong Kong SAR, China",HKG,2007,100.0
Honduras,HND,2007,73.5
Heavily indebted poor countries (HIPC),HPC,2007,25.8477550274109
Croatia,HRV,2007,99.8
Haiti,HTI,2007,35.5
Hungary,HUN,2007,100.0
IBRD only,IBD,2007,89.3242121638932
IDA & IBRD total,IBT,2007,78.6119806911976
IDA total,IDA,2007,44.2109151672772
IDA blend,IDB,2007,62.3043148414168
Indonesia,IDN,2007,91.1
IDA only,IDX,2007,34.4168942603711
Isle of Man,IMN,2007,100.0
India,IND,2007,72.3
Ireland,IRL,2007,100.0
"Iran, Islamic Rep.",IRN,2007,98.7
Iraq,IRQ,2007,98.1
Iceland,ISL,2007,100.0
Israel,ISR,2007,100.0
Italy,ITA,2007,100.0
Jamaica,JAM,2007,89.4
Jordan,JOR,2007,98.8
Japan,JPN,2007,100.0
Kazakhstan,KAZ,2007,100.0
Kenya,KEN,2007,28.3
Kyrgyz Republic,KGZ,2007,99.5
Cambodia,KHM,2007,20.2
Kiribati,KIR,2007,67.7
St. Kitts and Nevis,KNA,2007,97.0
"Korea, Rep.",KOR,2007,100.0
Kuwait,KWT,2007,100.0
Latin America & Caribbean (excluding high income),LAC,2007,94.0663055310297
Lao PDR,LAO,2007,55.0
Lebanon,LBN,2007,97.8
Liberia,LBR,2007,3.0
Libya,LBY,2007,86.8
St. Lucia,LCA,2007,91.8
Latin America & Caribbean,LCN,2007,94.4765421959323
Least developed countries: UN classification,LDC,2007,29.352471209982
Low income,LIC,2007,24.4183216636459
Liechtenstein,LIE,2007,100.0
Sri Lanka,LKA,2007,80.0
Lower middle income,LMC,2007,67.9437721090107
Low & middle income,LMY,2007,78.5860233254477
Lesotho,LSO,2007,13.9
Late-demographic dividend,LTE,2007,97.6286750102813
Lithuania,LTU,2007,99.4
Luxembourg,LUX,2007,100.0
Latvia,LVA,2007,99.7
"Macao SAR, China",MAC,2007,100.0
St. Martin (French part),MAF,2007,99.7
Morocco,MAR,2007,82.2
Monaco,MCO,2007,100.0
Moldova,MDA,2007,99.0
Madagascar,MDG,2007,17.5
Maldives,MDV,2007,92.6
"Middle East, North Africa, Afghanistan & Pakistan",MEA,2007,87.15191140522
Mexico,MEX,2007,97.9
Marshall Islands,MHL,2007,72.3
Middle income,MIC,2007,82.6476038900688
North Macedonia,MKD,2007,99.1
Mali,MLI,2007,21.7
Malta,MLT,2007,100.0
Myanmar,MMR,2007,49.5
"Middle East, North Africa, Afghanistan & Pakistan (excluding high income)",MNA,2007,86.1326479228012
Montenegro,MNE,2007,99.0
Mongolia,MNG,2007,78.1
Northern Mariana Islands,MNP,2007,100.0
Mozambique,MOZ,2007,12.4
Mauritania,MRT,2007,33.0
Mauritius,MUS,2007,99.0
Malawi,MWI,2007,7.4
Malaysia,MYS,2007,98.9
North America,NAC,2007,100.0
Namibia,NAM,2007,43.7
New Caledonia,NCL,2007,100.0
Niger,NER,2007,11.2
Nigeria,NGA,2007,50.1
Nicaragua,NIC,2007,76.9
Netherlands,NLD,2007,100.0
Norway,NOR,2007,100.0
Nepal,NPL,2007,52.6
Nauru,NRU,2007,99.8
New Zealand,NZL,2007,100.0
OECD members,OED,2007,99.6287855276073
Oman,OMN,2007,100.0
Other small states,OSS,2007,77.6573850936105
Pakistan,PAK,2007,80.2
Panama,PAN,2007,85.5
Peru,PER,2007,82.0
Philippines,PHL,2007,82.0
Palau,PLW,2007,98.4
Papua New Guinea,PNG,2007,14.9
Poland,POL,2007,99.8
Pre-demographic dividend,PRE,2007,32.3531972155593
Puerto Rico (US),PRI,2007,100.0
Portugal,PRT,2007,100.0
Paraguay,PRY,2007,96.5
West Bank and Gaza,PSE,2007,98.8
Pacific island small states,PSS,2007,63.9376929353584
Post-demographic dividend,PST,2007,99.830497747895
French Polynesia,PYF,2007,100.0
Qatar,QAT,2007,100.0
Romania,ROU,2007,96.1
Russian Federation,RUS,2007,98.2
Rwanda,RWA,2007,12.8
South Asia,SAS,2007,69.284881859242
Saudi Arabia,SAU,2007,100.0
Sudan,SDN,2007,31.1
Senegal,SEN,2007,48.1
Singapore,SGP,2007,100.0
Solomon Islands,SLB,2007,12.9
Sierra Leone,SLE,2007,13.0
El Salvador,SLV,2007,91.1
San Marino,SMR,2007,100.0
"Somalia, Fed. Rep.",SOM,2007,20.2
Serbia,SRB,2007,99.6
Sub-Saharan Africa (excluding high income),SSA,2007,33.8820874113135
South Sudan,SSD,2007,0.8
Sub-Saharan Africa,SSF,2007,32.517987745478
Small states,SST,2007,79.5807349251648
Sao Tome and Principe,STP,2007,58.0
Suriname,SUR,2007,94.7
Slovak Republic,SVK,2007,100.0
Slovenia,SVN,2007,100.0
Sweden,SWE,2007,100.0
Eswatini,SWZ,2007,39.8
Sint Maarten (Dutch part),SXM,2007,99.7
Seychelles,SYC,2007,96.1
Syrian Arab Republic,SYR,2007,91.5
Turks and Caicos Islands,TCA,2007,96.6
Chad,TCD,2007,5.5
East Asia & Pacific (IDA & IBRD countries),TEA,2007,94.0514635510722
Europe & Central Asia (IDA & IBRD countries),TEC,2007,98.7246906181739
Togo,TGO,2007,30.0
Thailand,THA,2007,94.1
Tajikistan,TJK,2007,98.6
Turkmenistan,TKM,2007,99.6
Latin America & the Caribbean (IDA & IBRD countries),TLA,2007,94.3767313243229
Timor-Leste,TLS,2007,36.6
"Middle East, North Africa, Afghanistan & Pakistan (IDA & IBRD)",TMN,2007,86.0502685841007
Tonga,TON,2007,90.5
South Asia (IDA & IBRD),TSA,2007,69.284881859242
Sub-Saharan Africa (IDA & IBRD countries),TSS,2007,32.517987745478
Trinidad and Tobago,TTO,2007,100.0
Tunisia,TUN,2007,99.4
Turkiye,TUR,2007,99.7
Tuvalu,TUV,2007,96.7
Tanzania,TZA,2007,15.9
Uganda,UGA,2007,14.8
Ukraine,UKR,2007,99.8
Upper middle income,UMC,2007,96.8312352259995
Uruguay,URY,2007,98.7
United States,USA,2007,100.0
Uzbekistan,UZB,2007,99.5
St. Vincent and the Grenadines,VCT,2007,88.8
"Venezuela, RB",VEN,2007,98.9
British Virgin Islands,VGB,2007,97.9
Virgin Islands (U.S.),VIR,2007,100.0
Viet Nam,VNM,2007,93.1
Vanuatu,VUT,2007,33.6
World,WLD,2007,81.9711576658049
Samoa,WSM,2007,92.5
"Yemen, Rep.",YEM,2007,57.2
South Africa,ZAF,2007,82.0
Zambia,ZMB,2007,18.5
Zimbabwe,ZWE,2007,37.2
Aruba,ABW,2008,100.0
Africa Eastern and Southern,AFE,2008,25.9088451344457
Afghanistan,AFG,2008,42.4
Africa Western and Central,AFW,2008,41.8660146613745
Angola,AGO,2008,38.5
Albania,ALB,2008,100.0
Andorra,AND,2008,100.0
Arab World,ARB,2008,83.2755641606337
United Arab Emirates,ARE,2008,100.0
Argentina,ARG,2008,97.5
Armenia,ARM,2008,99.2
Antigua and Barbuda,ATG,2008,100.0
Australia,AUS,2008,100.0
Austria,AUT,2008,100.0
Azerbaijan,AZE,2008,99.7
Burundi,BDI,2008,4.8
Belgium,BEL,2008,100.0
Benin,BEN,2008,29.0
Burkina Faso,BFA,2008,12.5
Bangladesh,BGD,2008,54.3
Bulgaria,BGR,2008,92.3
Bahrain,BHR,2008,100.0
"Bahamas, The",BHS,2008,100.0
Bosnia and Herzegovina,BIH,2008,99.3
Belarus,BLR,2008,93.2
Belize,BLZ,2008,86.1
Bermuda,BMU,2008,100.0
Bolivia,BOL,2008,84.7
Brazil,BRA,2008,98.5
Barbados,BRB,2008,100.0
Brunei Darussalam,BRN,2008,100.0
Bhutan,BTN,2008,67.6
Botswana,BWA,2008,44.5
Central African Republic,CAF,2008,7.5
Canada,CAN,2008,100.0
Central Europe and the Baltics,CEB,2008,98.668856546125
Switzerland,CHE,2008,100.0
Channel Islands,CHI,2008,100.0
Chile,CHL,2008,98.2
China,CHN,2008,98.8
Cote d'Ivoire,CIV,2008,60.3
Cameroon,CMR,2008,50.6
"Congo, Dem. Rep.",COD,2008,11.6
"Congo, Rep.",COG,2008,36.8
Colombia,COL,2008,96.8
Comoros,COM,2008,57.8
Cabo Verde,CPV,2008,72.3
Costa Rica,CRI,2008,99.3
Caribbean small states,CSS,2008,93.4441294061575
Cuba,CUB,2008,97.3
Curacao,CUW,2008,99.7
Cayman Islands,CYM,2008,100.0
Cyprus,CYP,2008,100.0
Czechia,CZE,2008,100.0
Germany,DEU,2008,100.0
Djibouti,DJI,2008,57.4
Dominica,DMA,2008,90.9
Denmark,DNK,2008,100.0
Dominican Republic,DOM,2008,97.6
Algeria,DZA,2008,99.3
East Asia & Pacific (excluding high income),EAP,2008,94.6719310490636
Early-demographic dividend,EAR,2008,77.4007795197428
East Asia & Pacific,EAS,2008,95.2110838673573
Europe & Central Asia (excluding high income),ECA,2008,99.3776072797545
Europe & Central Asia,ECS,2008,99.4080961406283
Ecuador,ECU,2008,97.2
"Egypt, Arab Rep.",EGY,2008,99.8
Euro area,EMU,2008,99.9924120987328
Eritrea,ERI,2008,37.8
Spain,ESP,2008,100.0
Estonia,EST,2008,100.0
Ethiopia,ETH,2008,22.0
European Union,EUU,2008,99.6825303996653
Fragile and conflict affected situations,FCS,2008,44.6504432881769
Finland,FIN,2008,100.0
Fiji,FJI,2008,86.2
France,FRA,2008,100.0
Faroe Islands,FRO,2008,100.0
"Micronesia, Fed. Sts.",FSM,2008,60.5
Gabon,GAB,2008,82.0
United Kingdom,GBR,2008,100.0
Georgia,GEO,2008,100.0
Ghana,GHA,2008,60.5
Gibraltar,GIB,2008,99.7
Guinea,GIN,2008,25.4
"Gambia, The",GMB,2008,41.5
Guinea-Bissau,GNB,2008,9.3
Equatorial Guinea,GNQ,2008,65.2
Greece,GRC,2008,100.0
Grenada,GRD,2008,90.0
Greenland,GRL,2008,100.0
Guatemala,GTM,2008,81.9
Guam,GUM,2008,100.0
Guyana,GUY,2008,79.1
High income,HIC,2008,99.625104814071
"Hong Kong SAR, China",HKG,2008,100.0
Honduras,HND,2008,76.4
Heavily indebted poor countries (HIPC),HPC,2008,25.8037471371516
Croatia,HRV,2008,100.0
Haiti,HTI,2008,36.1
Hungary,HUN,2008,100.0
IBRD only,IBD,2008,90.1665294008948
IDA & IBRD total,IBT,2008,79.4533189795659
IDA total,IDA,2008,45.5166817282672
IDA blend,IDB,2008,63.3309391549099
Indonesia,IDN,2008,92.7
IDA only,IDX,2008,35.8391531336874
Isle of Man,IMN,2008,100.0
India,IND,2008,74.1
Ireland,IRL,2008,100.0
"Iran, Islamic Rep.",IRN,2008,98.8
Iraq,IRQ,2008,97.9
Iceland,ISL,2008,100.0
Israel,ISR,2008,100.0
Italy,ITA,2008,100.0
Jamaica,JAM,2008,92.0
Jordan,JOR,2008,100.0
Japan,JPN,2008,100.0
Kazakhstan,KAZ,2008,100.0
Kenya,KEN,2008,30.3
Kyrgyz Republic,KGZ,2008,99.5
Cambodia,KHM,2008,26.4
Kiribati,KIR,2008,69.4
St. Kitts and Nevis,KNA,2008,97.3
"Korea, Rep.",KOR,2008,100.0
Kuwait,KWT,2008,100.0
Latin America & Caribbean (excluding high income),LAC,2008,94.8911389721167
Lao PDR,LAO,2008,66.0
Lebanon,LBN,2008,99.9
Liberia,LBR,2008,1.3
Libya,LBY,2008,85.1
St. Lucia,LCA,2008,92.7
Latin America & Caribbean,LCN,2008,95.2230808289009
Least developed countries: UN classification,LDC,2008,30.7412938067805
Low income,LIC,2008,23.4447318784019
Liechtenstein,LIE,2008,100.0
Sri Lanka,LKA,2008,82.9
Lower middle income,LMC,2008,69.8332089052172
Low & middle income,LMY,2008,79.4746201146453
Lesotho,LSO,2008,16.0
Late-demographic dividend,LTE,2008,97.9949263472304
Lithuania,LTU,2008,99.4
Luxembourg,LUX,2008,100.0
Latvia,LVA,2008,99.7
"Macao SAR, China",MAC,2008,100.0
St. Martin (French part),MAF,2008,99.7
Morocco,MAR,2008,84.1
Monaco,MCO,2008,100.0
Moldova,MDA,2008,99.1
Madagascar,MDG,2008,18.3
Maldives,MDV,2008,93.6
"Middle East, North Africa, Afghanistan & Pakistan",MEA,2008,88.0946609813966
Mexico,MEX,2008,98.9
Marshall Islands,MHL,2008,80.2
Middle income,MIC,2008,83.7498298248935
North Macedonia,MKD,2008,99.2
Mali,MLI,2008,23.4
Malta,MLT,2008,100.0
Myanmar,MMR,2008,50.6
"Middle East, North Africa, Afghanistan & Pakistan (excluding high income)",MNA,2008,87.1227921210742
Montenegro,MNE,2008,99.0
Mongolia,MNG,2008,79.2
Northern Mariana Islands,MNP,2008,100.0
Mozambique,MOZ,2008,13.6
Mauritania,MRT,2008,30.0
Mauritius,MUS,2008,99.0
Malawi,MWI,2008,7.8
Malaysia,MYS,2008,99.0
North America,NAC,2008,100.0
Namibia,NAM,2008,42.4
New Caledonia,NCL,2008,100.0
Niger,NER,2008,11.8
Nigeria,NGA,2008,50.3
Nicaragua,NIC,2008,77.5
Netherlands,NLD,2008,100.0
Norway,NOR,2008,100.0
Nepal,NPL,2008,56.0
Nauru,NRU,2008,99.1
New Zealand,NZL,2008,100.0
OECD members,OED,2008,99.7439647923726
Oman,OMN,2008,100.0
Other small states,OSS,2008,78.4662641033856
Pakistan,PAK,2008,81.4
Panama,PAN,2008,86.3
Peru,PER,2008,84.7
Philippines,PHL,2008,83.3
Palau,PLW,2008,98.5
Papua New Guinea,PNG,2008,15.3
Poland,POL,2008,99.8
Pre-demographic dividend,PRE,2008,32.158342929062
Puerto Rico (US),PRI,2008,100.0
Portugal,PRT,2008,100.0
Paraguay,PRY,2008,96.7
West Bank and Gaza,PSE,2008,99.8
Pacific island small states,PSS,2008,67.26129946415
Post-demographic dividend,PST,2008,99.8432655331659
French Polynesia,PYF,2008,100.0
Qatar,QAT,2008,100.0
Romania,ROU,2008,96.5
Russian Federation,RUS,2008,98.3
Rwanda,RWA,2008,6.0
South Asia,SAS,2008,71.778258866002
Saudi Arabia,SAU,2008,100.0
Sudan,SDN,2008,20.0
Senegal,SEN,2008,49.7
Singapore,SGP,2008,100.0
Solomon Islands,SLB,2008,28.1
Sierra Leone,SLE,2008,12.1
El Salvador,SLV,2008,91.0
San Marino,SMR,2008,100.0
"Somalia, Fed. Rep.",SOM,2008,22.9
Serbia,SRB,2008,99.6
Sub-Saharan Africa (excluding high income),SSA,2008,33.5654241279205
South Sudan,SSD,2008,1.3
Sub-Saharan Africa,SSF,2008,32.4033521062592
Small states,SST,2008,80.5950689227549
Sao Tome and Principe,STP,2008,59.1
Suriname,SUR,2008,94.7
Slovak Republic,SVK,2008,100.0
Slovenia,SVN,2008,100.0
Sweden,SWE,2008,100.0
Eswatini,SWZ,2008,42.6
Sint Maarten (Dutch part),SXM,2008,99.7
Seychelles,SYC,2008,96.5
Syrian Arab Republic,SYR,2008,91.3
Turks and Caicos Islands,TCA,2008,96.9
Chad,TCD,2008,5.9
East Asia & Pacific (IDA & IBRD countries),TEA,2008,94.6719920462074
Europe & Central Asia (IDA & IBRD countries),TEC,2008,98.8132200078566
Togo,TGO,2008,31.8
Thailand,THA,2008,94.8
Tajikistan,TJK,2008,98.6
Turkmenistan,TKM,2008,99.6
Latin America & the Caribbean (IDA & IBRD countries),TLA,2008,95.1417588634309
Timor-Leste,TLS,2008,43.1
"Middle East, North Africa, Afghanistan & Pakistan (IDA & IBRD)",TMN,2008,87.0398617493712
Tonga,TON,2008,91.2
South Asia (IDA & IBRD),TSA,2008,71.778258866002
Sub-Saharan Africa (IDA & IBRD countries),TSS,2008,32.4033521062592
Trinidad and Tobago,TTO,2008,100.0
Tunisia,TUN,2008,99.4
Turkiye,TUR,2008,99.7
Tuvalu,TUV,2008,96.2
Tanzania,TZA,2008,11.5
Uganda,UGA,2008,15.9
Ukraine,UKR,2008,99.8
Upper middle income,UMC,2008,97.3006939075634
Uruguay,URY,2008,98.8
United States,USA,2008,100.0
Uzbekistan,UZB,2008,99.5
St. Vincent and the Grenadines,VCT,2008,90.1
"Venezuela, RB",VEN,2008,98.9
British Virgin Islands,VGB,2008,98.1
Virgin Islands (U.S.),VIR,2008,100.0
Viet Nam,VNM,2008,93.8
Vanuatu,VUT,2008,36.5
World,WLD,2008,82.6681723773023
Samoa,WSM,2008,98.1
"Yemen, Rep.",YEM,2008,58.4
South Africa,ZAF,2008,81.9
Zambia,ZMB,2008,25.7
Zimbabwe,ZWE,2008,37.7
Aruba,ABW,2009,100.0
Africa Eastern and Southern,AFE,2009,26.1878464781111
Afghanistan,AFG,2009,48.3
Africa Western and Central,AFW,2009,42.0024854401026
Angola,AGO,2009,33.8
Albania,ALB,2009,99.6
Andorra,AND,2009,100.0
Arab World,ARB,2009,84.1597287073639
United Arab Emirates,ARE,2009,100.0
Argentina,ARG,2009,97.8
Armenia,ARM,2009,99.3
Antigua and Barbuda,ATG,2009,98.5
Australia,AUS,2009,100.0
Austria,AUT,2009,100.0
Azerbaijan,AZE,2009,99.9
Burundi,BDI,2009,5.4
Belgium,BEL,2009,100.0
Benin,BEN,2009,30.0
Burkina Faso,BFA,2009,12.6
Bangladesh,BGD,2009,57.1
Bulgaria,BGR,2009,92.9
Bahrain,BHR,2009,100.0
"Bahamas, The",BHS,2009,100.0
Bosnia and Herzegovina,BIH,2009,99.4
Belarus,BLR,2009,93.8
Belize,BLZ,2009,86.9
Bermuda,BMU,2009,100.0
Bolivia,BOL,2009,86.8
Brazil,BRA,2009,98.9
Barbados,BRB,2009,100.0
Brunei Darussalam,BRN,2009,100.0
Bhutan,BTN,2009,71.5
Botswana,BWA,2009,43.4
Central African Republic,CAF,2009,9.4
Canada,CAN,2009,100.0
Central Europe and the Baltics,CEB,2009,98.8586601186684
Switzerland,CHE,2009,100.0
Channel Islands,CHI,2009,100.0
Chile,CHL,2009,99.6
China,CHN,2009,99.1
Cote d'Ivoire,CIV,2009,57.3
Cameroon,CMR,2009,51.7
"Congo, Dem. Rep.",COD,2009,12.3
"Congo, Rep.",COG,2009,37.1
Colombia,COL,2009,96.1
Comoros,COM,2009,60.1
Cabo Verde,CPV,2009,74.1
Costa Rica,CRI,2009,99.4
Caribbean small states,CSS,2009,92.9152943922676
Cuba,CUB,2009,97.6
Curacao,CUW,2009,99.7
Cayman Islands,CYM,2009,100.0
Cyprus,CYP,2009,100.0
Czechia,CZE,2009,100.0
Germany,DEU,2009,100.0
Djibouti,DJI,2009,57.6
Dominica,DMA,2009,90.2
Denmark,DNK,2009,100.0
Dominican Republic,DOM,2009,97.9
Algeria,DZA,2009,98.8
East Asia & Pacific (excluding high income),EAP,2009,94.4276339127764
Early-demographic dividend,EAR,2009,78.2884199644018
East Asia & Pacific,EAS,2009,94.9833280630479
Europe & Central Asia (excluding high income),ECA,2009,99.4485621601137
Europe & Central Asia,ECS,2009,99.4661685766657
Ecuador,ECU,2009,96.5
"Egypt, Arab Rep.",EGY,2009,98.9
Euro area,EMU,2009,99.9953505242731
Eritrea,ERI,2009,38.9
Spain,ESP,2009,100.0
Estonia,EST,2009,100.0
Ethiopia,ETH,2009,23.7
European Union,EUU,2009,99.7290075706151
Fragile and conflict affected situations,FCS,2009,45.6795981324411
Finland,FIN,2009,100.0
Fiji,FJI,2009,85.6
France,FRA,2009,100.0
Faroe Islands,FRO,2009,100.0
"Micronesia, Fed. Sts.",FSM,2009,62.2
Gabon,GAB,2009,82.7
United Kingdom,GBR,2009,100.0
Georgia,GEO,2009,100.0
Ghana,GHA,2009,61.1
Gibraltar,GIB,2009,100.0
Guinea,GIN,2009,26.7
"Gambia, The",GMB,2009,43.2
Guinea-Bissau,GNB,2009,4.7
Equatorial Guinea,GNQ,2009,65.4
Greece,GRC,2009,100.0
Grenada,GRD,2009,89.0
Greenland,GRL,2009,100.0
Guatemala,GTM,2009,83.1
Guam,GUM,2009,100.0
Guyana,GUY,2009,77.6
High income,HIC,2009,99.6724365105225
"Hong Kong SAR, China",HKG,2009,100.0
Honduras,HND,2009,78.3
Heavily indebted poor countries (HIPC),HPC,2009,27.0246119888698
Croatia,HRV,2009,100.0
Haiti,HTI,2009,36.6
Hungary,HUN,2009,100.0
IBRD only,IBD,2009,90.6731762332911
IDA & IBRD total,IBT,2009,79.9501521552814
IDA total,IDA,2009,46.4303387780008
IDA blend,IDB,2009,63.1155416562242
Indonesia,IDN,2009,93.6
IDA only,IDX,2009,37.3351272716701
Isle of Man,IMN,2009,100.0
India,IND,2009,75.0
Ireland,IRL,2009,100.0
"Iran, Islamic Rep.",IRN,2009,99.7
Iraq,IRQ,2009,98.1
Iceland,ISL,2009,100.0
Israel,ISR,2009,100.0
Italy,ITA,2009,100.0
Jamaica,JAM,2009,91.0
Jordan,JOR,2009,99.4
Japan,JPN,2009,100.0
Kazakhstan,KAZ,2009,100.0
Kenya,KEN,2009,23.0
Kyrgyz Republic,KGZ,2009,99.5
Cambodia,KHM,2009,25.6
Kiribati,KIR,2009,64.2
St. Kitts and Nevis,KNA,2009,97.6
"Korea, Rep.",KOR,2009,100.0
Kuwait,KWT,2009,100.0
Latin America & Caribbean (excluding high income),LAC,2009,95.0660550330478
Lao PDR,LAO,2009,67.4
Lebanon,LBN,2009,99.3
Liberia,LBR,2009,1.9
Libya,LBY,2009,83.5
St. Lucia,LCA,2009,93.5
Latin America & Caribbean,LCN,2009,95.4266624028369
Least developed countries: UN classification,LDC,2009,32.1444306248649
Low income,LIC,2009,24.9584480599723
Liechtenstein,LIE,2009,100.0
Sri Lanka,LKA,2009,87.1
Lower middle income,LMC,2009,70.5839666200194
Low & middle income,LMY,2009,79.7439424772855
Lesotho,LSO,2009,17.0
Late-demographic dividend,LTE,2009,97.6887829474675
Lithuania,LTU,2009,99.5
Luxembourg,LUX,2009,100.0
Latvia,LVA,2009,100.0
"Macao SAR, China",MAC,2009,100.0
St. Martin (French part),MAF,2009,99.7
Morocco,MAR,2009,85.9
Monaco,MCO,2009,100.0
Moldova,MDA,2009,99.2
Madagascar,MDG,2009,17.4
Maldives,MDV,2009,99.9
"Middle East, North Africa, Afghanistan & Pakistan",MEA,2009,88.74034285556
Mexico,MEX,2009,98.3
Marshall Islands,MHL,2009,81.7
Middle income,MIC,2009,84.2668974741851
North Macedonia,MKD,2009,99.2
Mali,MLI,2009,24.0
Malta,MLT,2009,100.0
Myanmar,MMR,2009,51.8
"Middle East, North Africa, Afghanistan & Pakistan (excluding high income)",MNA,2009,87.8019637831563
Montenegro,MNE,2009,99.1
Mongolia,MNG,2009,80.3
Northern Mariana Islands,MNP,2009,100.0
Mozambique,MOZ,2009,15.0
Mauritania,MRT,2009,31.1
Mauritius,MUS,2009,99.0
Malawi,MWI,2009,8.3
Malaysia,MYS,2009,99.3
North America,NAC,2009,100.0
Namibia,NAM,2009,44.1
New Caledonia,NCL,2009,100.0
Niger,NER,2009,12.3
Nigeria,NGA,2009,50.0
Nicaragua,NIC,2009,77.9
Netherlands,NLD,2009,100.0
Norway,NOR,2009,100.0
Nepal,NPL,2009,59.3
Nauru,NRU,2009,99.1
New Zealand,NZL,2009,100.0
OECD members,OED,2009,99.6917727585994
Oman,OMN,2009,100.0
Other small states,OSS,2009,78.9212198624386
Pakistan,PAK,2009,82.5
Panama,PAN,2009,87.0
Peru,PER,2009,86.4
Philippines,PHL,2009,84.3
Palau,PLW,2009,98.6
Papua New Guinea,PNG,2009,17.2
Poland,POL,2009,100.0
Pre-demographic dividend,PRE,2009,32.2395611082164
Puerto Rico (US),PRI,2009,100.0
"Korea, Dem. People's Rep.",PRK,2009,26.0
Portugal,PRT,2009,100.0
Paraguay,PRY,2009,96.9
West Bank and Gaza,PSE,2009,99.9
Pacific island small states,PSS,2009,64.8201897407066
Post-demographic dividend,PST,2009,99.8622101103662
French Polynesia,PYF,2009,100.0
Qatar,QAT,2009,100.0
Romania,ROU,2009,96.8
Russian Federation,RUS,2009,98.4
Rwanda,RWA,2009,15.6
South Asia,SAS,2009,72.9865860973521
Saudi Arabia,SAU,2009,100.0
Sudan,SDN,2009,29.0
Senegal,SEN,2009,53.5
Singapore,SGP,2009,100.0
Solomon Islands,SLB,2009,21.2
Sierra Leone,SLE,2009,14.6
El Salvador,SLV,2009,91.1
San Marino,SMR,2009,100.0
"Somalia, Fed. Rep.",SOM,2009,25.5
Serbia,SRB,2009,99.6
Sub-Saharan Africa (excluding high income),SSA,2009,33.6235609112731
South Sudan,SSD,2009,3.0
Sub-Saharan Africa,SSF,2009,32.6264486462032
Small states,SST,2009,80.4229826422579
Sao Tome and Principe,STP,2009,56.9
Suriname,SUR,2009,94.6
Slovak Republic,SVK,2009,100.0
Slovenia,SVN,2009,100.0
Sweden,SWE,2009,100.0
Eswatini,SWZ,2009,38.6
Sint Maarten (Dutch part),SXM,2009,99.7
Seychelles,SYC,2009,96.8
Syrian Arab Republic,SYR,2009,91.1
Turks and Caicos Islands,TCA,2009,100.0
Chad,TCD,2009,6.3
East Asia & Pacific (IDA & IBRD countries),TEA,2009,95.3078523738531
Europe & Central Asia (IDA & IBRD countries),TEC,2009,98.9275231925627
Togo,TGO,2009,33.7
Thailand,THA,2009,99.0
Tajikistan,TJK,2009,99.0
Turkmenistan,TKM,2009,99.7
Latin America & the Caribbean (IDA & IBRD countries),TLA,2009,95.3459322821858
Timor-Leste,TLS,2009,46.3
"Middle East, North Africa, Afghanistan & Pakistan (IDA & IBRD)",TMN,2009,87.72245737765
Tonga,TON,2009,92.0
South Asia (IDA & IBRD),TSA,2009,72.9865860973521
Sub-Saharan Africa (IDA & IBRD countries),TSS,2009,32.6264486462032
Trinidad and Tobago,TTO,2009,99.0
Tunisia,TUN,2009,99.5
Turkiye,TUR,2009,99.7
Tuvalu,TUV,2009,96.5
Tanzania,TZA,2009,11.2
Uganda,UGA,2009,10.0
Ukraine,UKR,2009,99.9
Upper middle income,UMC,2009,97.7115595192027
Uruguay,URY,2009,99.1
United States,USA,2009,100.0
Uzbekistan,UZB,2009,99.5
St. Vincent and the Grenadines,VCT,2009,91.4
"Venezuela, RB",VEN,2009,99.0
British Virgin Islands,VGB,2009,98.3
Virgin Islands (U.S.),VIR,2009,100.0
Viet Nam,VNM,2009,96.1
Vanuatu,VUT,2009,33.3
World,WLD,2009,82.8658227064747
Samoa,WSM,2009,97.9
"Yemen, Rep.",YEM,2009,59.6
South Africa,ZAF,2009,82.6
Zambia,ZMB,2009,26.6
Zimbabwe,ZWE,2009,43.4
Aruba,ABW,2010,93.4
Africa Eastern and Southern,AFE,2010,27.414953756332
Afghanistan,AFG,2010,42.7
Africa Western and Central,AFW,2010,41.9519903118982
Angola,AGO,2010,35.0
Albania,ALB,2010,99.6
Andorra,AND,2010,100.0
Arab World,ARB,2010,86.921502593511
United Arab Emirates,ARE,2010,100.0
Argentina,ARG,2010,98.8
Armenia,ARM,2010,99.8
Antigua and Barbuda,ATG,2010,98.7
Australia,AUS,2010,100.0
Austria,AUT,2010,100.0
Azerbaijan,AZE,2010,99.9
Burundi,BDI,2010,5.3
Belgium,BEL,2010,100.0
Benin,BEN,2010,34.2
Burkina Faso,BFA,2010,13.1
Bangladesh,BGD,2010,55.3
Bulgaria,BGR,2010,93.5
Bahrain,BHR,2010,100.0
"Bahamas, The",BHS,2010,100.0
Bosnia and Herzegovina,BIH,2010,99.5
Belarus,BLR,2010,94.4
Belize,BLZ,2010,89.9
Bermuda,BMU,2010,100.0
Bolivia,BOL,2010,88.0
Brazil,BRA,2010,98.6
Barbados,BRB,2010,100.0
Brunei Darussalam,BRN,2010,100.0
Bhutan,BTN,2010,73.3
Botswana,BWA,2010,52.0
Central African Republic,CAF,2010,9.8
Canada,CAN,2010,100.0
Central Europe and the Baltics,CEB,2010,98.9644271545097
Switzerland,CHE,2010,100.0
Channel Islands,CHI,2010,100.0
Chile,CHL,2010,99.5
China,CHN,2010,99.7
Cote d'Ivoire,CIV,2010,58.4
Cameroon,CMR,2010,52.8
"Congo, Dem. Rep.",COD,2010,13.0
"Congo, Rep.",COG,2010,40.0
Colombia,COL,2010,96.8
Comoros,COM,2010,69.7
Cabo Verde,CPV,2010,81.1
Costa Rica,CRI,2010,99.0
Caribbean small states,CSS,2010,94.1815124594599
Cuba,CUB,2010,97.8
Curacao,CUW,2010,100.0
Cayman Islands,CYM,2010,100.0
Cyprus,CYP,2010,100.0
Czechia,CZE,2010,100.0
Germany,DEU,2010,100.0
Djibouti,DJI,2010,57.9
Dominica,DMA,2010,91.3
Denmark,DNK,2010,100.0
Dominican Republic,DOM,2010,98.1
Algeria,DZA,2010,98.9
East Asia & Pacific (excluding high income),EAP,2010,95.0553706554353
Early-demographic dividend,EAR,2010,79.3901895116688
East Asia & Pacific,EAS,2010,95.5468324754052
Europe & Central Asia (excluding high income),ECA,2010,99.6086224547018
Europe & Central Asia,ECS,2010,99.6654425126626
Ecuador,ECU,2010,97.5
"Egypt, Arab Rep.",EGY,2010,99.4
Euro area,EMU,2010,99.9960449134606
Eritrea,ERI,2010,40.1
Spain,ESP,2010,100.0
Estonia,EST,2010,100.0
Ethiopia,ETH,2010,25.5
European Union,EUU,2010,99.7553972530963
Fragile and conflict affected situations,FCS,2010,45.9924926486261
Finland,FIN,2010,100.0
Fiji,FJI,2010,92.4
France,FRA,2010,100.0
Faroe Islands,FRO,2010,100.0
"Micronesia, Fed. Sts.",FSM,2010,64.5
Gabon,GAB,2010,89.3
United Kingdom,GBR,2010,100.0
Georgia,GEO,2010,100.0
Ghana,GHA,2010,64.2
Gibraltar,GIB,2010,100.0
Guinea,GIN,2010,28.1
"Gambia, The",GMB,2010,46.8
Guinea-Bissau,GNB,2010,6.0
Equatorial Guinea,GNQ,2010,66.1
Greece,GRC,2010,100.0
Grenada,GRD,2010,89.4
Greenland,GRL,2010,100.0
Guatemala,GTM,2010,84.3
Guam,GUM,2010,100.0
Guyana,GUY,2010,83.3
High income,HIC,2010,99.7818510676906
"Hong Kong SAR, China",HKG,2010,100.0
Honduras,HND,2010,81.0
Heavily indebted poor countries (HIPC),HPC,2010,28.679431301834
Croatia,HRV,2010,100.0
Haiti,HTI,2010,37.2
Hungary,HUN,2010,100.0
IBRD only,IBD,2010,91.4540571407596
IDA & IBRD total,IBT,2010,80.6491330581851
IDA total,IDA,2010,47.3155875679755
IDA blend,IDB,2010,63.9547486455891
Indonesia,IDN,2010,94.2
IDA only,IDX,2010,38.2163645640414
Isle of Man,IMN,2010,100.0
India,IND,2010,76.3
Ireland,IRL,2010,100.0
"Iran, Islamic Rep.",IRN,2010,99.4
Iraq,IRQ,2010,98.4
Iceland,ISL,2010,100.0
Israel,ISR,2010,100.0
Italy,ITA,2010,100.0
Jamaica,JAM,2010,92.2
Jordan,JOR,2010,100.0
Japan,JPN,2010,100.0
Kazakhstan,KAZ,2010,100.0
Kenya,KEN,2010,19.2
Kyrgyz Republic,KGZ,2010,99.0
Cambodia,KHM,2010,31.1
Kiribati,KIR,2010,63.2
St. Kitts and Nevis,KNA,2010,99.8
"Korea, Rep.",KOR,2010,100.0
Kuwait,KWT,2010,100.0
Latin America & Caribbean (excluding high income),LAC,2010,95.5656140241753
Lao PDR,LAO,2010,70.2
Lebanon,LBN,2010,99.5
Liberia,LBR,2010,5.3
Libya,LBY,2010,81.9
St. Lucia,LCA,2010,94.2
Latin America & Caribbean,LCN,2010,95.8790049109191
Least developed countries: UN classification,LDC,2010,33.0164522875585
Low income,LIC,2010,26.4471371996466
Liechtenstein,LIE,2010,100.0
Sri Lanka,LKA,2010,85.3
Lower middle income,LMC,2010,71.6877391821018
Low & middle income,LMY,2010,80.4697385791145
Lesotho,LSO,2010,17.0
Late-demographic dividend,LTE,2010,98.3525114394724
Lithuania,LTU,2010,99.7
Luxembourg,LUX,2010,100.0
Latvia,LVA,2010,99.8
"Macao SAR, China",MAC,2010,100.0
St. Martin (French part),MAF,2010,100.0
Morocco,MAR,2010,95.7
Monaco,MCO,2010,100.0
Moldova,MDA,2010,99.3
Madagascar,MDG,2010,12.3
Maldives,MDV,2010,99.0
"Middle East, North Africa, Afghanistan & Pakistan",MEA,2010,90.5608198614909
Mexico,MEX,2010,99.2
Marshall Islands,MHL,2010,89.4
Middle income,MIC,2010,84.9999537271052
North Macedonia,MKD,2010,99.5
Mali,MLI,2010,27.0
Malta,MLT,2010,100.0
Myanmar,MMR,2010,48.8
"Middle East, North Africa, Afghanistan & Pakistan (excluding high income)",MNA,2010,89.7853987089534
Montenegro,MNE,2010,99.2
Mongolia,MNG,2010,78.5
Northern Mariana Islands,MNP,2010,100.0
Mozambique,MOZ,2010,18.9
Mauritania,MRT,2010,34.2
Mauritius,MUS,2010,99.4
Malawi,MWI,2010,8.7
Malaysia,MYS,2010,99.5
North America,NAC,2010,100.0
Namibia,NAM,2010,44.4
New Caledonia,NCL,2010,100.0
Niger,NER,2010,13.6
Nigeria,NGA,2010,48.0
Nicaragua,NIC,2010,80.1
Netherlands,NLD,2010,100.0
Norway,NOR,2010,100.0
Nepal,NPL,2010,68.6
Nauru,NRU,2010,99.2
New Zealand,NZL,2010,100.0
OECD members,OED,2010,99.8076262147082
Oman,OMN,2010,100.0
Other small states,OSS,2010,79.8432778556983
Pakistan,PAK,2010,87.1
Panama,PAN,2010,86.9
Peru,PER,2010,88.1
Philippines,PHL,2010,85.5
Palau,PLW,2010,98.8
Papua New Guinea,PNG,2010,19.5
Poland,POL,2010,100.0
Pre-demographic dividend,PRE,2010,32.7196037224136
Puerto Rico (US),PRI,2010,100.0
"Korea, Dem. People's Rep.",PRK,2010,29.3
Portugal,PRT,2010,100.0
Paraguay,PRY,2010,97.4
West Bank and Gaza,PSE,2010,99.9
Pacific island small states,PSS,2010,71.7961252713048
Post-demographic dividend,PST,2010,99.8801524112079
French Polynesia,PYF,2010,100.0
Qatar,QAT,2010,100.0
Romania,ROU,2010,97.1
Russian Federation,RUS,2010,99.3
Rwanda,RWA,2010,9.7
South Asia,SAS,2010,74.0765736340237
Saudi Arabia,SAU,2010,100.0
Sudan,SDN,2010,36.0
Senegal,SEN,2010,56.5
Singapore,SGP,2010,100.0
Solomon Islands,SLB,2010,35.4
Sierra Leone,SLE,2010,11.5
El Salvador,SLV,2010,91.6
San Marino,SMR,2010,100.0
"Somalia, Fed. Rep.",SOM,2010,52.3
Serbia,SRB,2010,99.7
Sub-Saharan Africa (excluding high income),SSA,2010,34.210425330409
South Sudan,SSD,2010,1.5
Sub-Saharan Africa,SSF,2010,33.3352475874151
Small states,SST,2010,82.199729744185
Sao Tome and Principe,STP,2010,61.4
Suriname,SUR,2010,91.2
Slovak Republic,SVK,2010,100.0
Slovenia,SVN,2010,100.0
Sweden,SWE,2010,100.0
Eswatini,SWZ,2010,45.6
Sint Maarten (Dutch part),SXM,2010,100.0
Seychelles,SYC,2010,97.0
Syrian Arab Republic,SYR,2010,92.7
Turks and Caicos Islands,TCA,2010,100.0
Chad,TCD,2010,6.4
East Asia & Pacific (IDA & IBRD countries),TEA,2010,95.898601883303
Europe & Central Asia (IDA & IBRD countries),TEC,2010,99.3287049619028
Togo,TGO,2010,30.8
Thailand,THA,2010,99.7
Tajikistan,TJK,2010,98.8
Turkmenistan,TKM,2010,100.0
Latin America & the Caribbean (IDA & IBRD countries),TLA,2010,95.8089207427823
Timor-Leste,TLS,2010,38.0
"Middle East, North Africa, Afghanistan & Pakistan (IDA & IBRD)",TMN,2010,89.718636418982
Tonga,TON,2010,92.8
South Asia (IDA & IBRD),TSA,2010,74.0765736340236
Sub-Saharan Africa (IDA & IBRD countries),TSS,2010,33.3352475874151
Trinidad and Tobago,TTO,2010,100.0
Tunisia,TUN,2010,99.5
Turkiye,TUR,2010,100.0
Tuvalu,TUV,2010,96.7
Tanzania,TZA,2010,14.8
Uganda,UGA,2010,12.1
Ukraine,UKR,2010,100.0
Upper middle income,UMC,2010,98.201268319522
Uruguay,URY,2010,99.3
United States,USA,2010,100.0
Uzbekistan,UZB,2010,99.6
St. Vincent and the Grenadines,VCT,2010,92.7
"Venezuela, RB",VEN,2010,99.1
British Virgin Islands,VGB,2010,98.3
Virgin Islands (U.S.),VIR,2010,100.0
Viet Nam,VNM,2010,97.4
Vanuatu,VUT,2010,44.1
World,WLD,2010,83.4471382973513
Samoa,WSM,2010,96.4
"Yemen, Rep.",YEM,2010,60.8
South Africa,ZAF,2010,82.8
Zambia,ZMB,2010,22.0
Zimbabwe,ZWE,2010,38.9
Aruba,ABW,2011,100.0
Africa Eastern and Southern,AFE,2011,28.909756234127
Afghanistan,AFG,2011,43.2
Africa Western and Central,AFW,2011,46.0619669218462
Angola,AGO,2011,34.6
Albania,ALB,2011,99.7
Andorra,AND,2011,100.0
Arab World,ARB,2011,87.1726942320297
United Arab Emirates,ARE,2011,100.0
Argentina,ARG,2011,99.0
Armenia,ARM,2011,99.5
Antigua and Barbuda,ATG,2011,94.6
Australia,AUS,2011,100.0
Austria,AUT,2011,100.0
Azerbaijan,AZE,2011,99.9
Burundi,BDI,2011,6.2
Belgium,BEL,2011,100.0
Benin,BEN,2011,36.9
Burkina Faso,BFA,2011,14.8
Bangladesh,BGD,2011,59.6
Bulgaria,BGR,2011,94.1
Bahrain,BHR,2011,100.0
"Bahamas, The",BHS,2011,100.0
Bosnia and Herzegovina,BIH,2011,99.7
Belarus,BLR,2011,95.0
Belize,BLZ,2011,91.7
Bermuda,BMU,2011,100.0
Bolivia,BOL,2011,88.3
Brazil,BRA,2011,99.3
Barbados,BRB,2011,100.0
Brunei Darussalam,BRN,2011,100.0
Bhutan,BTN,2011,81.8
Botswana,BWA,2011,53.2
Central African Republic,CAF,2011,10.4
Canada,CAN,2011,100.0
Central Europe and the Baltics,CEB,2011,99.0682987223746
Switzerland,CHE,2011,100.0
Channel Islands,CHI,2011,100.0
Chile,CHL,2011,99.6
China,CHN,2011,99.9
Cote d'Ivoire,CIV,2011,55.8
Cameroon,CMR,2011,53.7
"Congo, Dem. Rep.",COD,2011,13.7
"Congo, Rep.",COG,2011,40.8
Colombia,COL,2011,96.7
Comoros,COM,2011,69.3
Cabo Verde,CPV,2011,82.3
Costa Rica,CRI,2011,99.2
Caribbean small states,CSS,2011,94.1276818467132
Cuba,CUB,2011,98.0
Curacao,CUW,2011,100.0
Cayman Islands,CYM,2011,100.0
Cyprus,CYP,2011,100.0
Czechia,CZE,2011,100.0
Germany,DEU,2011,100.0
Djibouti,DJI,2011,58.1
Dominica,DMA,2011,90.1
Denmark,DNK,2011,100.0
Dominican Republic,DOM,2011,97.9
Algeria,DZA,2011,99.0
East Asia & Pacific (excluding high income),EAP,2011,95.5816815305151
Early-demographic dividend,EAR,2011,81.1499828644284
East Asia & Pacific,EAS,2011,96.0189473952986
Europe & Central Asia (excluding high income),ECA,2011,99.6174754229201
Europe & Central Asia,ECS,2011,99.6639027646677
Ecuador,ECU,2011,96.9
"Egypt, Arab Rep.",EGY,2011,99.4
Euro area,EMU,2011,99.9961207318092
Eritrea,ERI,2011,41.2
Spain,ESP,2011,100.0
Estonia,EST,2011,100.0
Ethiopia,ETH,2011,23.0
European Union,EUU,2011,99.7801178323542
Fragile and conflict affected situations,FCS,2011,47.8710522136076
Finland,FIN,2011,100.0
Fiji,FJI,2011,92.5
France,FRA,2011,100.0
Faroe Islands,FRO,2011,100.0
"Micronesia, Fed. Sts.",FSM,2011,66.3
Gabon,GAB,2011,88.7
United Kingdom,GBR,2011,100.0
Georgia,GEO,2011,100.0
Ghana,GHA,2011,64.1
Gibraltar,GIB,2011,99.8
Guinea,GIN,2011,29.5
"Gambia, The",GMB,2011,48.3
Guinea-Bissau,GNB,2011,13.5
Equatorial Guinea,GNQ,2011,66.1
Greece,GRC,2011,100.0
Grenada,GRD,2011,88.8
Greenland,GRL,2011,100.0
Guatemala,GTM,2011,84.0
Guam,GUM,2011,100.0
Guyana,GUY,2011,84.2
High income,HIC,2011,99.7844276068209
"Hong Kong SAR, China",HKG,2011,100.0
Honduras,HND,2011,82.2
Heavily indebted poor countries (HIPC),HPC,2011,29.1718396828583
Croatia,HRV,2011,100.0
Haiti,HTI,2011,37.8
Hungary,HUN,2011,100.0
IBRD only,IBD,2011,92.5084956175417
IDA & IBRD total,IBT,2011,81.9189102960738
IDA total,IDA,2011,49.6621142107405
IDA blend,IDB,2011,68.049848678303
Indonesia,IDN,2011,94.8
IDA only,IDX,2011,39.5865729644305
Isle of Man,IMN,2011,100.0
India,IND,2011,79.5
Ireland,IRL,2011,100.0
"Iran, Islamic Rep.",IRN,2011,99.5
Iraq,IRQ,2011,98.0
Iceland,ISL,2011,100.0
Israel,ISR,2011,100.0
Italy,ITA,2011,100.0
Jamaica,JAM,2011,91.1
Jordan,JOR,2011,99.6
Japan,JPN,2011,100.0
Kazakhstan,KAZ,2011,99.8
Kenya,KEN,2011,36.2
Kyrgyz Republic,KGZ,2011,98.3
Cambodia,KHM,2011,37.4
Kiribati,KIR,2011,74.9
St. Kitts and Nevis,KNA,2011,100.0
"Korea, Rep.",KOR,2011,100.0
Kuwait,KWT,2011,100.0
Latin America & Caribbean (excluding high income),LAC,2011,95.9136719967164
Lao PDR,LAO,2011,70.0
Lebanon,LBN,2011,99.7
Liberia,LBR,2011,4.1
Libya,LBY,2011,80.3
St. Lucia,LCA,2011,95.4
Latin America & Caribbean,LCN,2011,96.1841031200508
Least developed countries: UN classification,LDC,2011,34.4991777686772
Low income,LIC,2011,27.6664094687004
Liechtenstein,LIE,2011,100.0
Sri Lanka,LKA,2011,87.8
Lower middle income,LMC,2011,74.603675894421
Low & middle income,LMY,2011,81.8904976048903
Lesotho,LSO,2011,22.5
Late-demographic dividend,LTE,2011,98.6260218375387
Lithuania,LTU,2011,99.7
Luxembourg,LUX,2011,100.0
Latvia,LVA,2011,99.8
"Macao SAR, China",MAC,2011,100.0
St. Martin (French part),MAF,2011,100.0
Morocco,MAR,2011,96.1
Monaco,MCO,2011,100.0
Moldova,MDA,2011,99.4
Madagascar,MDG,2011,14.3
Maldives,MDV,2011,99.1
"Middle East, North Africa, Afghanistan & Pakistan",MEA,2011,90.7761559347102
Mexico,MEX,2011,99.0
Marshall Islands,MHL,2011,89.9
Middle income,MIC,2011,86.5077282234945
North Macedonia,MKD,2011,99.7
Mali,MLI,2011,28.8
Malta,MLT,2011,100.0
Myanmar,MMR,2011,54.1
"Middle East, North Africa, Afghanistan & Pakistan (excluding high income)",MNA,2011,90.0032683061914
Montenegro,MNE,2011,99.0
Mongolia,MNG,2011,72.1
Northern Mariana Islands,MNP,2011,100.0
Mozambique,MOZ,2011,20.2
Mauritania,MRT,2011,35.3
Mauritius,MUS,2011,99.6
Malawi,MWI,2011,7.6
Malaysia,MYS,2011,99.5
North America,NAC,2011,100.0
Namibia,NAM,2011,42.3
New Caledonia,NCL,2011,100.0
Niger,NER,2011,14.3
Nigeria,NGA,2011,55.9
Nicaragua,NIC,2011,81.2
Netherlands,NLD,2011,100.0
Norway,NOR,2011,100.0
Nepal,NPL,2011,67.3
Nauru,NRU,2011,99.0
New Zealand,NZL,2011,100.0
OECD members,OED,2011,99.7872116882093
Oman,OMN,2011,100.0
Other small states,OSS,2011,82.3763169043455
Pakistan,PAK,2011,87.8
Panama,PAN,2011,88.6
Peru,PER,2011,89.7
Philippines,PHL,2011,87.2
Palau,PLW,2011,98.9
Papua New Guinea,PNG,2011,17.3
Poland,POL,2011,100.0
Pre-demographic dividend,PRE,2011,36.1231407415373
Puerto Rico (US),PRI,2011,100.0
"Korea, Dem. People's Rep.",PRK,2011,31.4
Portugal,PRT,2011,100.0
Paraguay,PRY,2011,98.2
West Bank and Gaza,PSE,2011,99.7
Pacific island small states,PSS,2011,72.8044582293327
Post-demographic dividend,PST,2011,99.8927586055928
French Polynesia,PYF,2011,100.0
Qatar,QAT,2011,100.0
Romania,ROU,2011,97.4
Russian Federation,RUS,2011,99.2
Rwanda,RWA,2011,10.8
South Asia,SAS,2011,77.3091651585732
Saudi Arabia,SAU,2011,100.0
Sudan,SDN,2011,38.3
Senegal,SEN,2011,56.5
Singapore,SGP,2011,100.0
Solomon Islands,SLB,2011,39.1
Sierra Leone,SLE,2011,14.2
El Salvador,SLV,2011,92.6
San Marino,SMR,2011,100.0
"Somalia, Fed. Rep.",SOM,2011,52.0
Serbia,SRB,2011,99.7
Sub-Saharan Africa (excluding high income),SSA,2011,37.3485816035098
South Sudan,SSD,2011,2.8
Sub-Saharan Africa,SSF,2011,35.9008197096736
Small states,SST,2011,83.906240710336
Sao Tome and Principe,STP,2011,62.6
Suriname,SUR,2011,94.6
Slovak Republic,SVK,2011,100.0
Slovenia,SVN,2011,100.0
Sweden,SWE,2011,100.0
Eswatini,SWZ,2011,51.2
Sint Maarten (Dutch part),SXM,2011,100.0
Seychelles,SYC,2011,98.1
Syrian Arab Republic,SYR,2011,91.5
Turks and Caicos Islands,TCA,2011,100.0
Chad,TCD,2011,9.0
East Asia & Pacific (IDA & IBRD countries),TEA,2011,96.4018892391827
Europe & Central Asia (IDA & IBRD countries),TEC,2011,99.3269244879235
Togo,TGO,2011,39.7
Thailand,THA,2011,99.3
Tajikistan,TJK,2011,98.9
Turkmenistan,TKM,2011,99.8
Latin America & the Caribbean (IDA & IBRD countries),TLA,2011,96.1182240318495
Timor-Leste,TLS,2011,52.7
"Middle East, North Africa, Afghanistan & Pakistan (IDA & IBRD)",TMN,2011,89.9389892888994
Tonga,TON,2011,92.2
South Asia (IDA & IBRD),TSA,2011,77.3091651585732
Sub-Saharan Africa (IDA & IBRD countries),TSS,2011,35.9008197096736
Trinidad and Tobago,TTO,2011,97.5
Tunisia,TUN,2011,99.5
Turkiye,TUR,2011,100.0
Tuvalu,TUV,2011,97.0
Tanzania,TZA,2011,14.2
Uganda,UGA,2011,14.6
Ukraine,UKR,2011,100.0
Upper middle income,UMC,2011,98.4156997389488
Uruguay,URY,2011,99.2
United States,USA,2011,100.0
Uzbekistan,UZB,2011,99.7
St. Vincent and the Grenadines,VCT,2011,94.1
"Venezuela, RB",VEN,2011,98.8
British Virgin Islands,VGB,2011,98.7
Virgin Islands (U.S.),VIR,2011,100.0
Viet Nam,VNM,2011,99.0
Vanuatu,VUT,2011,42.0
World,WLD,2011,84.5062333878765
Samoa,WSM,2011,96.7
"Yemen, Rep.",YEM,2011,62.0
South Africa,ZAF,2011,83.6
Zambia,ZMB,2011,28.3
Zimbabwe,ZWE,2011,36.9
Aruba,ABW,2012,100.0
Africa Eastern and Southern,AFE,2012,31.6734274619175
Afghanistan,AFG,2012,69.1
Africa Western and Central,AFW,2012,44.1865003474968
Angola,AGO,2012,37.3
Albania,ALB,2012,99.9
Andorra,AND,2012,100.0
Arab World,ARB,2012,86.8478669651407
United Arab Emirates,ARE,2012,100.0
Argentina,ARG,2012,99.1
Armenia,ARM,2012,99.5
Antigua and Barbuda,ATG,2012,100.0
Australia,AUS,2012,100.0
Austria,AUT,2012,100.0
Azerbaijan,AZE,2012,100.0
Burundi,BDI,2012,6.5
Belgium,BEL,2012,100.0
Benin,BEN,2012,38.4
Burkina Faso,BFA,2012,15.1
Bangladesh,BGD,2012,65.5
Bulgaria,BGR,2012,94.7
Bahrain,BHR,2012,100.0
"Bahamas, The",BHS,2012,100.0
Bosnia and Herzegovina,BIH,2012,99.7
Belarus,BLR,2012,95.6
Belize,BLZ,2012,90.9
Bermuda,BMU,2012,100.0
Bolivia,BOL,2012,90.4
Brazil,BRA,2012,99.5
Barbados,BRB,2012,100.0
Brunei Darussalam,BRN,2012,100.0
Bhutan,BTN,2012,91.5
Botswana,BWA,2012,56.0
Central African Republic,CAF,2012,11.0
Canada,CAN,2012,100.0
Central Europe and the Baltics,CEB,2012,99.2028356897417
Switzerland,CHE,2012,100.0
Channel Islands,CHI,2012,100.0
Chile,CHL,2012,100.0
China,CHN,2012,99.9
Cote d'Ivoire,CIV,2012,55.8
Cameroon,CMR,2012,55.2
"Congo, Dem. Rep.",COD,2012,15.4
"Congo, Rep.",COG,2012,41.6
Colombia,COL,2012,97.0
Comoros,COM,2012,69.3
Cabo Verde,CPV,2012,83.2
Costa Rica,CRI,2012,99.5
Caribbean small states,CSS,2012,95.2543113839721
Cuba,CUB,2012,98.3
Curacao,CUW,2012,100.0
Cayman Islands,CYM,2012,100.0
Cyprus,CYP,2012,100.0
Czechia,CZE,2012,100.0
Germany,DEU,2012,100.0
Djibouti,DJI,2012,54.6
Dominica,DMA,2012,93.5
Denmark,DNK,2012,100.0
Dominican Republic,DOM,2012,97.9
Algeria,DZA,2012,98.8
East Asia & Pacific (excluding high income),EAP,2012,95.7951654492221
Early-demographic dividend,EAR,2012,82.0524632421742
East Asia & Pacific,EAS,2012,96.2092457835613
Europe & Central Asia (excluding high income),ECA,2012,99.6946321116735
Europe & Central Asia,ECS,2012,99.8281916228156
Ecuador,ECU,2012,97.2
"Egypt, Arab Rep.",EGY,2012,99.7
Euro area,EMU,2012,100.0
Eritrea,ERI,2012,42.3
Spain,ESP,2012,100.0
Estonia,EST,2012,100.0
Ethiopia,ETH,2012,29.0
European Union,EUU,2012,99.8125886995878
Fragile and conflict affected situations,FCS,2012,48.8909209673482
Finland,FIN,2012,100.0
Fiji,FJI,2012,92.6
France,FRA,2012,100.0
Faroe Islands,FRO,2012,100.0
"Micronesia, Fed. Sts.",FSM,2012,67.8
Gabon,GAB,2012,89.3
United Kingdom,GBR,2012,100.0
Georgia,GEO,2012,100.0
Ghana,GHA,2012,56.5
Gibraltar,GIB,2012,99.9
Guinea,GIN,2012,26.2
"Gambia, The",GMB,2012,49.9
Guinea-Bissau,GNB,2012,14.9
Equatorial Guinea,GNQ,2012,65.7
Greece,GRC,2012,100.0
Grenada,GRD,2012,90.2
Greenland,GRL,2012,100.0
Guatemala,GTM,2012,86.8
Guam,GUM,2012,100.0
Guyana,GUY,2012,85.1
High income,HIC,2012,99.8951446927905
"Hong Kong SAR, China",HKG,2012,100.0
Honduras,HND,2012,83.6
Heavily indebted poor countries (HIPC),HPC,2012,31.8979660493501
Croatia,HRV,2012,100.0
Haiti,HTI,2012,37.9
Hungary,HUN,2012,100.0
IBRD only,IBD,2012,92.7691494735879
IDA & IBRD total,IBT,2012,82.435690270165
IDA total,IDA,2012,51.3189495560506
IDA blend,IDB,2012,67.7534282751763
Indonesia,IDN,2012,96.0
IDA only,IDX,2012,42.3080291510044
Isle of Man,IMN,2012,100.0
India,IND,2012,79.9
Ireland,IRL,2012,100.0
"Iran, Islamic Rep.",IRN,2012,99.5
Iraq,IRQ,2012,99.3
Iceland,ISL,2012,100.0
Israel,ISR,2012,100.0
Italy,ITA,2012,100.0
Jamaica,JAM,2012,93.1
Jordan,JOR,2012,99.5
Japan,JPN,2012,100.0
Kazakhstan,KAZ,2012,100.0
Kenya,KEN,2012,38.1
Kyrgyz Republic,KGZ,2012,99.8
Cambodia,KHM,2012,42.3
Kiribati,KIR,2012,76.7
St. Kitts and Nevis,KNA,2012,100.0
"Korea, Rep.",KOR,2012,100.0
Kuwait,KWT,2012,100.0
Latin America & Caribbean (excluding high income),LAC,2012,96.2882383879193
Lao PDR,LAO,2012,76.4
Lebanon,LBN,2012,99.5
Liberia,LBR,2012,9.3
Libya,LBY,2012,78.7
St. Lucia,LCA,2012,95.3
Latin America & Caribbean,LCN,2012,96.569234553016
Least developed countries: UN classification,LDC,2012,37.8232434782994
Low income,LIC,2012,30.0776466504548
Liechtenstein,LIE,2012,100.0
Sri Lanka,LKA,2012,87.0
Lower middle income,LMC,2012,75.1540848733681
Low & middle income,LMY,2012,82.3434400406383
Lesotho,LSO,2012,20.6
Late-demographic dividend,LTE,2012,98.7121889212508
Lithuania,LTU,2012,100.0
Luxembourg,LUX,2012,100.0
Latvia,LVA,2012,100.0
"Macao SAR, China",MAC,2012,100.0
St. Martin (French part),MAF,2012,100.0
Morocco,MAR,2012,96.4
Monaco,MCO,2012,100.0
Moldova,MDA,2012,99.5
Madagascar,MDG,2012,18.7
Maldives,MDV,2012,99.2
"Middle East, North Africa, Afghanistan & Pakistan",MEA,2012,91.8541213665319
Mexico,MEX,2012,99.1
Marshall Islands,MHL,2012,90.4
Middle income,MIC,2012,86.8565606090893
North Macedonia,MKD,2012,99.6
Mali,MLI,2012,25.6
Malta,MLT,2012,100.0
Myanmar,MMR,2012,55.3
"Middle East, North Africa, Afghanistan & Pakistan (excluding high income)",MNA,2012,91.1539591115329
Montenegro,MNE,2012,99.3
Mongolia,MNG,2012,83.7
Northern Mariana Islands,MNP,2012,100.0
Mozambique,MOZ,2012,21.2
Mauritania,MRT,2012,36.4
Mauritius,MUS,2012,99.4
Malawi,MWI,2012,7.4
Malaysia,MYS,2012,99.8
North America,NAC,2012,100.0
Namibia,NAM,2012,46.4
New Caledonia,NCL,2012,100.0
Niger,NER,2012,14.4
Nigeria,NGA,2012,53.0
Nicaragua,NIC,2012,81.3
Netherlands,NLD,2012,100.0
Norway,NOR,2012,100.0
Nepal,NPL,2012,75.2
Nauru,NRU,2012,99.4
New Zealand,NZL,2012,100.0
OECD members,OED,2012,99.8129467749549
Oman,OMN,2012,100.0
Other small states,OSS,2012,83.2159663044917
Pakistan,PAK,2012,88.6
Panama,PAN,2012,89.3
Peru,PER,2012,91.1
Philippines,PHL,2012,87.1
Palau,PLW,2012,97.6
Papua New Guinea,PNG,2012,17.5
Poland,POL,2012,100.0
Pre-demographic dividend,PRE,2012,37.5016010934048
Puerto Rico (US),PRI,2012,100.0
"Korea, Dem. People's Rep.",PRK,2012,33.6
Portugal,PRT,2012,100.0
Paraguay,PRY,2012,97.8
West Bank and Gaza,PSE,2012,99.8
Pacific island small states,PSS,2012,73.8316460480866
Post-demographic dividend,PST,2012,99.9029465280479
French Polynesia,PYF,2012,100.0
Qatar,QAT,2012,100.0
Romania,ROU,2012,97.8
Russian Federation,RUS,2012,100.0
Rwanda,RWA,2012,17.5
South Asia,SAS,2012,78.4195444509049
Saudi Arabia,SAU,2012,100.0
Sudan,SDN,2012,40.7
Senegal,SEN,2012,56.5
Singapore,SGP,2012,100.0
Solomon Islands,SLB,2012,42.9
Sierra Leone,SLE,2012,17.2
El Salvador,SLV,2012,93.7
San Marino,SMR,2012,100.0
"Somalia, Fed. Rep.",SOM,2012,51.8
Serbia,SRB,2012,99.8
Sub-Saharan Africa (excluding high income),SSA,2012,37.6472467808928
South Sudan,SSD,2012,3.3
Sub-Saharan Africa,SSF,2012,36.7762778723704
Small states,SST,2012,84.8243310625176
Sao Tome and Principe,STP,2012,57.9
Suriname,SUR,2012,94.6
Slovak Republic,SVK,2012,100.0
Slovenia,SVN,2012,100.0
Sweden,SWE,2012,100.0
Eswatini,SWZ,2012,54.3
Sint Maarten (Dutch part),SXM,2012,100.0
Seychelles,SYC,2012,98.3
Syrian Arab Republic,SYR,2012,90.7
Turks and Caicos Islands,TCA,2012,93.1
Chad,TCD,2012,7.8
East Asia & Pacific (IDA & IBRD countries),TEA,2012,96.5865908716016
Europe & Central Asia (IDA & IBRD countries),TEC,2012,99.6546769524838
Togo,TGO,2012,39.1
Thailand,THA,2012,99.1
Tajikistan,TJK,2012,99.1
Turkmenistan,TKM,2012,99.9
Latin America & the Caribbean (IDA & IBRD countries),TLA,2012,96.5092457202988
Timor-Leste,TLS,2012,56.0
"Middle East, North Africa, Afghanistan & Pakistan (IDA & IBRD)",TMN,2012,91.0963754860192
Tonga,TON,2012,92.8
South Asia (IDA & IBRD),TSA,2012,78.4195444509049
Sub-Saharan Africa (IDA & IBRD countries),TSS,2012,36.7762778723704
Trinidad and Tobago,TTO,2012,100.0
Tunisia,TUN,2012,99.5
Turkiye,TUR,2012,100.0
Tuvalu,TUV,2012,97.7
Tanzania,TZA,2012,15.3
Uganda,UGA,2012,20.5
Ukraine,UKR,2012,99.9
Upper middle income,UMC,2012,98.6507857543902
Uruguay,URY,2012,99.6
United States,USA,2012,100.0
Uzbekistan,UZB,2012,99.7
St. Vincent and the Grenadines,VCT,2012,95.4
"Venezuela, RB",VEN,2012,99.3
British Virgin Islands,VGB,2012,98.9
Virgin Islands (U.S.),VIR,2012,100.0
Viet Nam,VNM,2012,97.9
Vanuatu,VUT,2012,43.9
World,WLD,2012,84.93629043483
Samoa,WSM,2012,96.8
"Yemen, Rep.",YEM,2012,52.4
South Africa,ZAF,2012,85.2
Zambia,ZMB,2012,29.2
Zimbabwe,ZWE,2012,44.0
Aruba,ABW,2013,100.0
Africa Eastern and Southern,AFE,2013,31.7235735731483
Afghanistan,AFG,2013,68.0
Africa Western and Central,AFW,2013,47.1945030733476
Angola,AGO,2013,38.4
Albania,ALB,2013,99.9
Andorra,AND,2013,100.0
Arab World,ARB,2013,88.9616299190749
United Arab Emirates,ARE,2013,100.0
Argentina,ARG,2013,99.3
Armenia,ARM,2013,99.4
Antigua and Barbuda,ATG,2013,100.0
Australia,AUS,2013,100.0
Austria,AUT,2013,100.0
Azerbaijan,AZE,2013,100.0
Burundi,BDI,2013,6.9
Belgium,BEL,2013,100.0
Benin,BEN,2013,34.7
Burkina Faso,BFA,2013,15.4
Bangladesh,BGD,2013,61.5
Bulgaria,BGR,2013,95.3
Bahrain,BHR,2013,100.0
"Bahamas, The",BHS,2013,100.0
Bosnia and Herzegovina,BIH,2013,99.5
Belarus,BLR,2013,96.2
Belize,BLZ,2013,91.1
Bermuda,BMU,2013,100.0
Bolivia,BOL,2013,89.5
Brazil,BRA,2013,99.6
Barbados,BRB,2013,100.0
Brunei Darussalam,BRN,2013,100.0
Bhutan,BTN,2013,87.4
Botswana,BWA,2013,58.0
Central African Republic,CAF,2013,11.5
Canada,CAN,2013,100.0
Central Europe and the Baltics,CEB,2013,99.3084773841306
Switzerland,CHE,2013,100.0
Channel Islands,CHI,2013,100.0
Chile,CHL,2013,99.6
China,CHN,2013,100.0
Cote d'Ivoire,CIV,2013,61.5
Cameroon,CMR,2013,56.3
"Congo, Dem. Rep.",COD,2013,15.2
"Congo, Rep.",COG,2013,42.5
Colombia,COL,2013,97.8
Comoros,COM,2013,69.4
Cabo Verde,CPV,2013,84.3
Costa Rica,CRI,2013,99.6
Caribbean small states,CSS,2013,95.5637395418446
Cuba,CUB,2013,98.5
Curacao,CUW,2013,100.0
Cayman Islands,CYM,2013,100.0
Cyprus,CYP,2013,100.0
Czechia,CZE,2013,100.0
Germany,DEU,2013,100.0
Djibouti,DJI,2013,58.6
Dominica,DMA,2013,94.6
Denmark,DNK,2013,100.0
Dominican Republic,DOM,2013,98.4
Algeria,DZA,2013,99.2
East Asia & Pacific (excluding high income),EAP,2013,96.0928535168264
Early-demographic dividend,EAR,2013,83.7993125754694
East Asia & Pacific,EAS,2013,96.4756466990083
Europe & Central Asia (excluding high income),ECA,2013,99.728652515568
Europe & Central Asia,ECS,2013,99.8495213726873
Ecuador,ECU,2013,98.0
"Egypt, Arab Rep.",EGY,2013,99.9
Euro area,EMU,2013,100.0
Eritrea,ERI,2013,43.5
Spain,ESP,2013,100.0
Estonia,EST,2013,100.0
Ethiopia,ETH,2013,30.8
European Union,EUU,2013,99.8381173752727
Fragile and conflict affected situations,FCS,2013,50.5937760008476
Finland,FIN,2013,100.0
Fiji,FJI,2013,91.8
France,FRA,2013,100.0
Faroe Islands,FRO,2013,100.0
"Micronesia, Fed. Sts.",FSM,2013,69.4
Gabon,GAB,2013,86.4
United Kingdom,GBR,2013,100.0
Georgia,GEO,2013,100.0
Ghana,GHA,2013,70.7
Gibraltar,GIB,2013,99.9
Guinea,GIN,2013,32.2
"Gambia, The",GMB,2013,51.5
Guinea-Bissau,GNB,2013,16.3
Equatorial Guinea,GNQ,2013,65.9
Greece,GRC,2013,100.0
Grenada,GRD,2013,90.6
Greenland,GRL,2013,100.0
Guatemala,GTM,2013,88.1
Guam,GUM,2013,100.0
Guyana,GUY,2013,86.0
High income,HIC,2013,99.8987384599918
"Hong Kong SAR, China",HKG,2013,100.0
Honduras,HND,2013,87.2
Heavily indebted poor countries (HIPC),HPC,2013,32.8873110453621
Croatia,HRV,2013,100.0
Haiti,HTI,2013,38.9
Hungary,HUN,2013,100.0
IBRD only,IBD,2013,93.7820283085729
IDA & IBRD total,IBT,2013,83.3593364046462
IDA total,IDA,2013,52.2817303551995
IDA blend,IDB,2013,69.2012849039335
Indonesia,IDN,2013,96.5
IDA only,IDX,2013,42.9979384611427
Isle of Man,IMN,2013,100.0
India,IND,2013,83.1
Ireland,IRL,2013,100.0
"Iran, Islamic Rep.",IRN,2013,99.8
Iraq,IRQ,2013,99.0
Iceland,ISL,2013,100.0
Israel,ISR,2013,100.0
Italy,ITA,2013,100.0
Jamaica,JAM,2013,93.9
Jordan,JOR,2013,99.7
Japan,JPN,2013,100.0
Kazakhstan,KAZ,2013,100.0
Kenya,KEN,2013,40.1
Kyrgyz Republic,KGZ,2013,98.9
Cambodia,KHM,2013,50.9
Kiribati,KIR,2013,78.8
St. Kitts and Nevis,KNA,2013,100.0
"Korea, Rep.",KOR,2013,100.0
Kuwait,KWT,2013,100.0
Latin America & Caribbean (excluding high income),LAC,2013,96.6272723274953
Lao PDR,LAO,2013,79.3
Lebanon,LBN,2013,99.6
Liberia,LBR,2013,9.8
Libya,LBY,2013,77.1
St. Lucia,LCA,2013,97.2
Latin America & Caribbean,LCN,2013,96.8646822286805
Least developed countries: UN classification,LDC,2013,38.2306245326965
Low income,LIC,2013,31.0725397139029
Liechtenstein,LIE,2013,100.0
Sri Lanka,LKA,2013,90.2
Lower middle income,LMC,2013,77.1188804443074
Low & middle income,LMY,2013,83.3205776475688
Lesotho,LSO,2013,26.9
Late-demographic dividend,LTE,2013,98.8979674454125
Lithuania,LTU,2013,100.0
Luxembourg,LUX,2013,100.0
Latvia,LVA,2013,100.0
"Macao SAR, China",MAC,2013,100.0
St. Martin (French part),MAF,2013,100.0
Morocco,MAR,2013,97.2
Monaco,MCO,2013,100.0
Moldova,MDA,2013,99.6
Madagascar,MDG,2013,12.9
Maldives,MDV,2013,99.4
"Middle East, North Africa, Afghanistan & Pakistan",MEA,2013,93.1479690416445
Mexico,MEX,2013,99.1
Marshall Islands,MHL,2013,90.9
Middle income,MIC,2013,87.8878167251911
North Macedonia,MKD,2013,99.7
Mali,MLI,2013,32.4
Malta,MLT,2013,100.0
Myanmar,MMR,2013,56.5
"Middle East, North Africa, Afghanistan & Pakistan (excluding high income)",MNA,2013,92.5410186202545
Montenegro,MNE,2013,99.7
Mongolia,MNG,2013,81.2
Northern Mariana Islands,MNP,2013,100.0
Mozambique,MOZ,2013,22.4
Mauritania,MRT,2013,37.6
Mauritius,MUS,2013,99.4
Malawi,MWI,2013,9.0
Malaysia,MYS,2013,99.6
North America,NAC,2013,100.0
Namibia,NAM,2013,47.4
New Caledonia,NCL,2013,100.0
Niger,NER,2013,15.2
Nigeria,NGA,2013,55.6
Nicaragua,NIC,2013,81.9
Netherlands,NLD,2013,100.0
Norway,NOR,2013,100.0
Nepal,NPL,2013,77.4
Nauru,NRU,2013,99.4
New Zealand,NZL,2013,100.0
OECD members,OED,2013,99.8350316663745
Oman,OMN,2013,100.0
Other small states,OSS,2013,84.0687457795863
Pakistan,PAK,2013,89.3
Panama,PAN,2013,89.1
Peru,PER,2013,92.1
Philippines,PHL,2013,87.5
Palau,PLW,2013,99.2
Papua New Guinea,PNG,2013,17.8
Poland,POL,2013,100.0
Pre-demographic dividend,PRE,2013,38.4111244155347
Puerto Rico (US),PRI,2013,100.0
"Korea, Dem. People's Rep.",PRK,2013,35.7
Portugal,PRT,2013,100.0
Paraguay,PRY,2013,99.0
West Bank and Gaza,PSE,2013,99.9
Pacific island small states,PSS,2013,72.6617984322668
Post-demographic dividend,PST,2013,99.9188837330364
French Polynesia,PYF,2013,100.0
Qatar,QAT,2013,100.0
Romania,ROU,2013,98.1
Russian Federation,RUS,2013,100.0
Rwanda,RWA,2013,15.2
South Asia,SAS,2013,80.847453203069
Saudi Arabia,SAU,2013,100.0
Sudan,SDN,2013,43.1
Senegal,SEN,2013,57.0
Singapore,SGP,2013,100.0
Solomon Islands,SLB,2013,44.7
Sierra Leone,SLE,2013,13.5
El Salvador,SLV,2013,95.0
San Marino,SMR,2013,100.0
"Somalia, Fed. Rep.",SOM,2013,51.5
Serbia,SRB,2013,99.9
Sub-Saharan Africa (excluding high income),SSA,2013,38.8415744954024
South Sudan,SSD,2013,3.8
Sub-Saharan Africa,SSF,2013,38.0320042025018
Small states,SST,2013,85.2704808451356
Sao Tome and Principe,STP,2013,65.0
Suriname,SUR,2013,94.6
Slovak Republic,SVK,2013,100.0
Slovenia,SVN,2013,100.0
Sweden,SWE,2013,100.0
Eswatini,SWZ,2013,57.5
Sint Maarten (Dutch part),SXM,2013,100.0
Seychelles,SYC,2013,98.0
Syrian Arab Republic,SYR,2013,90.4
Turks and Caicos Islands,TCA,2013,100.0
Chad,TCD,2013,8.1
East Asia & Pacific (IDA & IBRD countries),TEA,2013,96.8583126264425
Europe & Central Asia (IDA & IBRD countries),TEC,2013,99.6978833009023
Togo,TGO,2013,41.0
Thailand,THA,2013,99.4
Tajikistan,TJK,2013,99.0
Turkmenistan,TKM,2013,99.9
Latin America & the Caribbean (IDA & IBRD countries),TLA,2013,96.8091782999087
Timor-Leste,TLS,2013,59.2
"Middle East, North Africa, Afghanistan & Pakistan (IDA & IBRD)",TMN,2013,92.4917628816356
Tonga,TON,2013,95.1
South Asia (IDA & IBRD),TSA,2013,80.8474532030691
Sub-Saharan Africa (IDA & IBRD countries),TSS,2013,38.0320042025018
Trinidad and Tobago,TTO,2013,100.0
Tunisia,TUN,2013,99.7
Turkiye,TUR,2013,100.0
Tuvalu,TUV,2013,97.6
Tanzania,TZA,2013,16.4
Uganda,UGA,2013,13.9
Ukraine,UKR,2013,100.0
Upper middle income,UMC,2013,98.8163975569597
Uruguay,URY,2013,99.6
United States,USA,2013,100.0
Uzbekistan,UZB,2013,99.8
St. Vincent and the Grenadines,VCT,2013,96.8
"Venezuela, RB",VEN,2013,99.4
British Virgin Islands,VGB,2013,99.1
Virgin Islands (U.S.),VIR,2013,100.0
Viet Nam,VNM,2013,98.5
Vanuatu,VUT,2013,31.7
World,WLD,2013,85.7106877963555
Samoa,WSM,2013,97.0
"Yemen, Rep.",YEM,2013,75.6
South Africa,ZAF,2013,85.2
Zambia,ZMB,2013,30.1
Zimbabwe,ZWE,2013,40.6
Aruba,ABW,2014,100.0
Africa Eastern and Southern,AFE,2014,31.8719561283579
Afghanistan,AFG,2014,89.5
Africa Western and Central,AFW,2014,47.7673605462369
Angola,AGO,2014,32.0
Albania,ALB,2014,100.0
Andorra,AND,2014,100.0
Arab World,ARB,2014,88.4067767085653
United Arab Emirates,ARE,2014,100.0
Argentina,ARG,2014,100.0
Armenia,ARM,2014,99.7
Antigua and Barbuda,ATG,2014,100.0
Australia,AUS,2014,100.0
Austria,AUT,2014,100.0
Azerbaijan,AZE,2014,100.0
Burundi,BDI,2014,7.0
Belgium,BEL,2014,100.0
Benin,BEN,2014,34.1
Burkina Faso,BFA,2014,19.2
Bangladesh,BGD,2014,62.4
Bulgaria,BGR,2014,95.9
Bahrain,BHR,2014,100.0
"Bahamas, The",BHS,2014,100.0
Bosnia and Herzegovina,BIH,2014,99.9
Belarus,BLR,2014,96.8
Belize,BLZ,2014,91.5
Bermuda,BMU,2014,100.0
Bolivia,BOL,2014,90.0
Brazil,BRA,2014,99.7
Barbados,BRB,2014,100.0
Brunei Darussalam,BRN,2014,100.0
Bhutan,BTN,2014,91.4
Botswana,BWA,2014,60.0
Central African Republic,CAF,2014,12.0
Canada,CAN,2014,100.0
Central Europe and the Baltics,CEB,2014,99.410769462163
Switzerland,CHE,2014,100.0
Channel Islands,CHI,2014,100.0
Chile,CHL,2014,100.0
China,CHN,2014,100.0
Cote d'Ivoire,CIV,2014,61.9
Cameroon,CMR,2014,56.8
"Congo, Dem. Rep.",COD,2014,13.5
"Congo, Rep.",COG,2014,43.4
Colombia,COL,2014,97.8
Comoros,COM,2014,71.8
Cabo Verde,CPV,2014,85.3
Costa Rica,CRI,2014,99.4
Caribbean small states,CSS,2014,95.8432196458407
Cuba,CUB,2014,98.7
Curacao,CUW,2014,100.0
Cayman Islands,CYM,2014,100.0
Cyprus,CYP,2014,100.0
Czechia,CZE,2014,100.0
Germany,DEU,2014,100.0
Djibouti,DJI,2014,58.9
Dominica,DMA,2014,95.7
Denmark,DNK,2014,100.0
Dominican Republic,DOM,2014,98.5
Algeria,DZA,2014,99.3
East Asia & Pacific (excluding high income),EAP,2014,96.2740993565598
Early-demographic dividend,EAR,2014,84.7520088398511
East Asia & Pacific,EAS,2014,96.6375595761929
Europe & Central Asia (excluding high income),ECA,2014,99.7847724120664
Europe & Central Asia,ECS,2014,99.8761371074327
Ecuador,ECU,2014,99.0
"Egypt, Arab Rep.",EGY,2014,99.8
Euro area,EMU,2014,100.0
Eritrea,ERI,2014,44.6
Spain,ESP,2014,100.0
Estonia,EST,2014,100.0
Ethiopia,ETH,2014,27.2
European Union,EUU,2014,99.8626029552248
Fragile and conflict affected situations,FCS,2014,49.9837325368256
Finland,FIN,2014,100.0
Fiji,FJI,2014,93.0
France,FRA,2014,100.0
Faroe Islands,FRO,2014,100.0
"Micronesia, Fed. Sts.",FSM,2014,71.2
Gabon,GAB,2014,87.1
United Kingdom,GBR,2014,100.0
Georgia,GEO,2014,100.0
Ghana,GHA,2014,78.3
Gibraltar,GIB,2014,99.9
Guinea,GIN,2014,33.5
"Gambia, The",GMB,2014,53.0
Guinea-Bissau,GNB,2014,17.2
Equatorial Guinea,GNQ,2014,66.0
Greece,GRC,2014,100.0
Grenada,GRD,2014,91.0
Greenland,GRL,2014,100.0
Guatemala,GTM,2014,85.5
Guam,GUM,2014,100.0
Guyana,GUY,2014,86.9
High income,HIC,2014,99.9172074403547
"Hong Kong SAR, China",HKG,2014,100.0
Honduras,HND,2014,88.7
Heavily indebted poor countries (HIPC),HPC,2014,35.3432938741151
Croatia,HRV,2014,100.0
Haiti,HTI,2014,39.6
Hungary,HUN,2014,100.0
IBRD only,IBD,2014,94.4238714593445
IDA & IBRD total,IBT,2014,83.9395090540728
IDA total,IDA,2014,53.0005784584853
IDA blend,IDB,2014,68.4749901174028
Indonesia,IDN,2014,97.0
IDA only,IDX,2014,44.5118966979033
Isle of Man,IMN,2014,100.0
India,IND,2014,85.1
Ireland,IRL,2014,100.0
"Iran, Islamic Rep.",IRN,2014,100.0
Iraq,IRQ,2014,99.2
Iceland,ISL,2014,100.0
Israel,ISR,2014,100.0
Italy,ITA,2014,100.0
Jamaica,JAM,2014,93.3
Jordan,JOR,2014,99.8
Japan,JPN,2014,100.0
Kazakhstan,KAZ,2014,100.0
Kenya,KEN,2014,36.0
Kyrgyz Republic,KGZ,2014,99.8
Cambodia,KHM,2014,56.1
Kiribati,KIR,2014,83.4
St. Kitts and Nevis,KNA,2014,100.0
"Korea, Rep.",KOR,2014,100.0
Kuwait,KWT,2014,100.0
Latin America & Caribbean (excluding high income),LAC,2014,96.7821493871975
Lao PDR,LAO,2014,82.5
Lebanon,LBN,2014,99.7
Liberia,LBR,2014,9.4
Libya,LBY,2014,75.5
St. Lucia,LCA,2014,98.1
Latin America & Caribbean,LCN,2014,97.0540254170861
Least developed countries: UN classification,LDC,2014,39.4878234772477
Low income,LIC,2014,33.4716403056895
Liechtenstein,LIE,2014,100.0
Sri Lanka,LKA,2014,92.7
Lower middle income,LMC,2014,78.2897096917029
Low & middle income,LMY,2014,84.0197763138971
Lesotho,LSO,2014,27.8
Late-demographic dividend,LTE,2014,99.0043394238424
Lithuania,LTU,2014,100.0
Luxembourg,LUX,2014,100.0
Latvia,LVA,2014,100.0
"Macao SAR, China",MAC,2014,100.0
St. Martin (French part),MAF,2014,100.0
Morocco,MAR,2014,97.3
Monaco,MCO,2014,100.0
Moldova,MDA,2014,99.8
Madagascar,MDG,2014,23.0
Maldives,MDV,2014,100.0
"Middle East, North Africa, Afghanistan & Pakistan",MEA,2014,94.0320956677215
Mexico,MEX,2014,99.2
Marshall Islands,MHL,2014,91.5
Middle income,MIC,2014,88.4907385219607
North Macedonia,MKD,2014,99.8
Mali,MLI,2014,34.2
Malta,MLT,2014,100.0
Myanmar,MMR,2014,52.0
"Middle East, North Africa, Afghanistan & Pakistan (excluding high income)",MNA,2014,93.4955408707137
Montenegro,MNE,2014,97.7
Mongolia,MNG,2014,86.0
Northern Mariana Islands,MNP,2014,100.0
Mozambique,MOZ,2014,24.8
Mauritania,MRT,2014,38.8
Mauritius,MUS,2014,99.5
Malawi,MWI,2014,11.9
Malaysia,MYS,2014,99.7
North America,NAC,2014,100.0
Namibia,NAM,2014,48.4
New Caledonia,NCL,2014,100.0
Niger,NER,2014,15.7
Nigeria,NGA,2014,54.2
Nicaragua,NIC,2014,81.9
Netherlands,NLD,2014,100.0
Norway,NOR,2014,100.0
Nepal,NPL,2014,84.9
Nauru,NRU,2014,99.5
New Zealand,NZL,2014,100.0
OECD members,OED,2014,99.8480258810507
Oman,OMN,2014,100.0
Other small states,OSS,2014,85.5436919645938
Pakistan,PAK,2014,90.1
Panama,PAN,2014,90.8
Peru,PER,2014,92.9
Philippines,PHL,2014,89.8
Palau,PLW,2014,99.8
Papua New Guinea,PNG,2014,18.1
Poland,POL,2014,100.0
Pre-demographic dividend,PRE,2014,39.8940402562397
Puerto Rico (US),PRI,2014,100.0
"Korea, Dem. People's Rep.",PRK,2014,37.8
Portugal,PRT,2014,100.0
Paraguay,PRY,2014,99.0
West Bank and Gaza,PSE,2014,99.9
Pacific island small states,PSS,2014,76.5754031125716
Post-demographic dividend,PST,2014,99.9320556700364
French Polynesia,PYF,2014,100.0
Qatar,QAT,2014,100.0
Romania,ROU,2014,98.4
Russian Federation,RUS,2014,100.0
Rwanda,RWA,2014,19.8
South Asia,SAS,2014,82.8480224291431
Saudi Arabia,SAU,2014,100.0
Sudan,SDN,2014,44.9
Senegal,SEN,2014,61.0
Singapore,SGP,2014,100.0
Solomon Islands,SLB,2014,50.5
Sierra Leone,SLE,2014,18.8
El Salvador,SLV,2014,95.1
San Marino,SMR,2014,100.0
"Somalia, Fed. Rep.",SOM,2014,51.4
Serbia,SRB,2014,99.7
Sub-Saharan Africa (excluding high income),SSA,2014,39.6059458734454
South Sudan,SSD,2014,4.3
Sub-Saharan Africa,SSF,2014,38.3544769303453
Small states,SST,2014,86.7735637831097
Sao Tome and Principe,STP,2014,68.6
Suriname,SUR,2014,94.6
Slovak Republic,SVK,2014,100.0
Slovenia,SVN,2014,100.0
Sweden,SWE,2014,100.0
Eswatini,SWZ,2014,65.0
Sint Maarten (Dutch part),SXM,2014,100.0
Seychelles,SYC,2014,100.0
Syrian Arab Republic,SYR,2014,90.2
Turks and Caicos Islands,TCA,2014,100.0
Chad,TCD,2014,8.4
East Asia & Pacific (IDA & IBRD countries),TEA,2014,97.0127423122849
Europe & Central Asia (IDA & IBRD countries),TEC,2014,99.7515903233231
Togo,TGO,2014,45.7
Thailand,THA,2014,99.5
Tajikistan,TJK,2014,99.1
Turkmenistan,TKM,2014,100.0
Latin America & the Caribbean (IDA & IBRD countries),TLA,2014,97.0005516962811
Timor-Leste,TLS,2014,62.4
"Middle East, North Africa, Afghanistan & Pakistan (IDA & IBRD)",TMN,2014,93.4524577644192
Tonga,TON,2014,95.9
South Asia (IDA & IBRD),TSA,2014,82.8480224291431
Sub-Saharan Africa (IDA & IBRD countries),TSS,2014,38.3544769303453
Trinidad and Tobago,TTO,2014,100.0
Tunisia,TUN,2014,99.8
Turkiye,TUR,2014,100.0
Tuvalu,TUV,2014,97.9
Tanzania,TZA,2014,23.5
Uganda,UGA,2014,20.4
Ukraine,UKR,2014,100.0
Upper middle income,UMC,2014,98.9184889422887
Uruguay,URY,2014,99.7
United States,USA,2014,100.0
Uzbekistan,UZB,2014,99.8
St. Vincent and the Grenadines,VCT,2014,98.1
"Venezuela, RB",VEN,2014,100.0
British Virgin Islands,VGB,2014,99.2
Virgin Islands (U.S.),VIR,2014,100.0
Viet Nam,VNM,2014,99.2
Vanuatu,VUT,2014,49.1
World,WLD,2014,86.1955840187905
Samoa,WSM,2014,97.9
"Yemen, Rep.",YEM,2014,66.1
South Africa,ZAF,2014,85.9
Zambia,ZMB,2014,27.9
Zimbabwe,ZWE,2014,32.3
Aruba,ABW,2015,100.0
Africa Eastern and Southern,AFE,2015,33.9222756622758
Afghanistan,AFG,2015,71.5
Africa Western and Central,AFW,2015,46.8624182524845
Angola,AGO,2015,42.0
Albania,ALB,2015,100.0
Andorra,AND,2015,100.0
Arab World,ARB,2015,88.6616431398725
United Arab Emirates,ARE,2015,100.0
Argentina,ARG,2015,99.7
Armenia,ARM,2015,100.0
Antigua and Barbuda,ATG,2015,100.0
Australia,AUS,2015,100.0
Austria,AUT,2015,100.0
Azerbaijan,AZE,2015,100.0
Burundi,BDI,2015,7.9
Belgium,BEL,2015,100.0
Benin,BEN,2015,29.6
Burkina Faso,BFA,2015,16.2
Bangladesh,BGD,2015,74.0
Bulgaria,BGR,2015,96.6
Bahrain,BHR,2015,100.0
"Bahamas, The",BHS,2015,100.0
Bosnia and Herzegovina,BIH,2015,99.7
Belarus,BLR,2015,97.4
Belize,BLZ,2015,91.8
Bermuda,BMU,2015,100.0
Bolivia,BOL,2015,91.5
Brazil,BRA,2015,99.7
Barbados,BRB,2015,100.0
Brunei Darussalam,BRN,2015,100.0
Bhutan,BTN,2015,95.4
Botswana,BWA,2015,62.1
Central African Republic,CAF,2015,12.7
Canada,CAN,2015,100.0
Central Europe and the Baltics,CEB,2015,99.5384709863299
Switzerland,CHE,2015,100.0
Channel Islands,CHI,2015,100.0
Chile,CHL,2015,99.7
China,CHN,2015,100.0
Cote d'Ivoire,CIV,2015,62.6
Cameroon,CMR,2015,58.6
"Congo, Dem. Rep.",COD,2015,16.6
"Congo, Rep.",COG,2015,44.3
Colombia,COL,2015,98.2
Comoros,COM,2015,74.1
Cabo Verde,CPV,2015,86.4
Costa Rica,CRI,2015,99.4
Caribbean small states,CSS,2015,96.2001948453372
Cuba,CUB,2015,99.0
Curacao,CUW,2015,100.0
Cayman Islands,CYM,2015,100.0
Cyprus,CYP,2015,100.0
Czechia,CZE,2015,100.0
Germany,DEU,2015,100.0
Djibouti,DJI,2015,59.1
Dominica,DMA,2015,96.7
Denmark,DNK,2015,100.0
Dominican Republic,DOM,2015,98.6
Algeria,DZA,2015,99.4
East Asia & Pacific (excluding high income),EAP,2015,96.621825072807
Early-demographic dividend,EAR,2015,86.8271544642577
East Asia & Pacific,EAS,2015,96.9500599621312
Europe & Central Asia (excluding high income),ECA,2015,99.7676589877916
Europe & Central Asia,ECS,2015,99.1677802593579
Ecuador,ECU,2015,98.8
"Egypt, Arab Rep.",EGY,2015,99.3
Euro area,EMU,2015,100.0
Eritrea,ERI,2015,45.8
Spain,ESP,2015,100.0
Estonia,EST,2015,100.0
Ethiopia,ETH,2015,29.0
European Union,EUU,2015,99.8929116032593
Fragile and conflict affected situations,FCS,2015,50.0432237711859
Finland,FIN,2015,100.0
Fiji,FJI,2015,93.2
France,FRA,2015,100.0
Faroe Islands,FRO,2015,100.0
"Micronesia, Fed. Sts.",FSM,2015,73.0
Gabon,GAB,2015,87.3
United Kingdom,GBR,2015,100.0
Georgia,GEO,2015,100.0
Ghana,GHA,2015,74.0
Gibraltar,GIB,2015,100.0
Guinea,GIN,2015,34.9
"Gambia, The",GMB,2015,54.7
Guinea-Bissau,GNB,2015,20.1
Equatorial Guinea,GNQ,2015,66.1
Greece,GRC,2015,100.0
Grenada,GRD,2015,91.4
Greenland,GRL,2015,100.0
Guatemala,GTM,2015,90.5
Guam,GUM,2015,100.0
Guyana,GUY,2015,88.0
High income,HIC,2015,99.4412560088473
"Hong Kong SAR, China",HKG,2015,100.0
Honduras,HND,2015,90.0
Heavily indebted poor countries (HIPC),HPC,2015,35.4532334232963
Croatia,HRV,2015,100.0
Haiti,HTI,2015,40.8
Hungary,HUN,2015,100.0
IBRD only,IBD,2015,95.1768053412642
IDA & IBRD total,IBT,2015,84.8020928694012
IDA total,IDA,2015,54.5223994493809
IDA blend,IDB,2015,68.7868324940631
Indonesia,IDN,2015,97.5
IDA only,IDX,2015,46.705998397654
Isle of Man,IMN,2015,100.0
India,IND,2015,88.0
Ireland,IRL,2015,100.0
"Iran, Islamic Rep.",IRN,2015,100.0
Iraq,IRQ,2015,99.4
Iceland,ISL,2015,100.0
Israel,ISR,2015,100.0
Italy,ITA,2015,100.0
Jamaica,JAM,2015,94.9
Jordan,JOR,2015,99.9
Japan,JPN,2015,100.0
Kazakhstan,KAZ,2015,100.0
Kenya,KEN,2015,41.6
Kyrgyz Republic,KGZ,2015,98.7
Cambodia,KHM,2015,62.7
Kiribati,KIR,2015,90.6
St. Kitts and Nevis,KNA,2015,100.0
"Korea, Rep.",KOR,2015,100.0
Kuwait,KWT,2015,100.0
Latin America & Caribbean (excluding high income),LAC,2015,97.0444842543207
Lao PDR,LAO,2015,89.7
Lebanon,LBN,2015,99.7
Liberia,LBR,2015,15.2
Libya,LBY,2015,73.8
St. Lucia,LCA,2015,99.0
Latin America & Caribbean,LCN,2015,97.2847276074314
Least developed countries: UN classification,LDC,2015,42.3127281274977
Low income,LIC,2015,33.0702183882953
Liechtenstein,LIE,2015,100.0
Sri Lanka,LKA,2015,94.3
Lower middle income,LMC,2015,80.658695354603
Low & middle income,LMY,2015,85.0403535635607
Lesotho,LSO,2015,31.8
Late-demographic dividend,LTE,2015,98.7802217306047
Lithuania,LTU,2015,100.0
Luxembourg,LUX,2015,100.0
Latvia,LVA,2015,100.0
"Macao SAR, China",MAC,2015,100.0
St. Martin (French part),MAF,2015,100.0
Morocco,MAR,2015,97.3
Monaco,MCO,2015,100.0
Moldova,MDA,2015,99.9
Madagascar,MDG,2015,23.8
Maldives,MDV,2015,99.8
"Middle East, North Africa, Afghanistan & Pakistan",MEA,2015,93.4360655461117
Mexico,MEX,2015,99.0
Marshall Islands,MHL,2015,92.1
Middle income,MIC,2015,89.6958037766237
North Macedonia,MKD,2015,99.9
Mali,MLI,2015,37.6
Malta,MLT,2015,100.0
Myanmar,MMR,2015,60.5
"Middle East, North Africa, Afghanistan & Pakistan (excluding high income)",MNA,2015,92.8277634911895
Montenegro,MNE,2015,99.5
Mongolia,MNG,2015,88.0
Northern Mariana Islands,MNP,2015,100.0
Mozambique,MOZ,2015,24.0
Mauritania,MRT,2015,39.5
Mauritius,MUS,2015,99.6
Malawi,MWI,2015,10.8
Malaysia,MYS,2015,99.9
North America,NAC,2015,100.0
Namibia,NAM,2015,51.6
New Caledonia,NCL,2015,100.0
Niger,NER,2015,16.6
Nigeria,NGA,2015,52.5
Nicaragua,NIC,2015,83.2
Netherlands,NLD,2015,100.0
Norway,NOR,2015,100.0
Nepal,NPL,2015,82.0
Nauru,NRU,2015,99.0
New Zealand,NZL,2015,100.0
OECD members,OED,2015,99.8393577437036
Oman,OMN,2015,100.0
Other small states,OSS,2015,86.4520330481869
Pakistan,PAK,2015,91.0
Panama,PAN,2015,91.6
Peru,PER,2015,93.9
Philippines,PHL,2015,89.1
Palau,PLW,2015,99.5
Papua New Guinea,PNG,2015,18.4
Poland,POL,2015,100.0
Pre-demographic dividend,PRE,2015,40.1196686715573
Puerto Rico (US),PRI,2015,100.0
"Korea, Dem. People's Rep.",PRK,2015,40.0
Portugal,PRT,2015,100.0
Paraguay,PRY,2015,99.3
West Bank and Gaza,PSE,2015,99.9
Pacific island small states,PSS,2015,78.5477895035505
Post-demographic dividend,PST,2015,99.944734188108
French Polynesia,PYF,2015,100.0
Qatar,QAT,2015,100.0
Romania,ROU,2015,98.8
Russian Federation,RUS,2015,95.5
Rwanda,RWA,2015,22.8
South Asia,SAS,2015,86.5327784624672
Saudi Arabia,SAU,2015,100.0
Sudan,SDN,2015,48.0
Senegal,SEN,2015,60.5
Singapore,SGP,2015,100.0
Solomon Islands,SLB,2015,55.1
Sierra Leone,SLE,2015,19.7
El Salvador,SLV,2015,95.4
San Marino,SMR,2015,100.0
"Somalia, Fed. Rep.",SOM,2015,51.2
Serbia,SRB,2015,99.9
Sub-Saharan Africa (excluding high income),SSA,2015,40.343402663759
South Sudan,SSD,2015,4.8
Sub-Saharan Africa,SSF,2015,39.1996500160838
Small states,SST,2015,87.6813928879402
Sao Tome and Principe,STP,2015,67.3
Suriname,SUR,2015,95.0
Slovak Republic,SVK,2015,100.0
Slovenia,SVN,2015,100.0
Sweden,SWE,2015,100.0
Eswatini,SWZ,2015,64.1
Sint Maarten (Dutch part),SXM,2015,100.0
Seychelles,SYC,2015,100.0
Syrian Arab Republic,SYR,2015,90.0
Turks and Caicos Islands,TCA,2015,100.0
Chad,TCD,2015,7.7
East Asia & Pacific (IDA & IBRD countries),TEA,2015,97.3350470103173
Europe & Central Asia (IDA & IBRD countries),TEC,2015,98.3318925466179
Togo,TGO,2015,44.7
Thailand,THA,2015,99.6
Tajikistan,TJK,2015,98.0
Turkmenistan,TKM,2015,100.0
Latin America & the Caribbean (IDA & IBRD countries),TLA,2015,97.2323920529293
Timor-Leste,TLS,2015,67.3
"Middle East, North Africa, Afghanistan & Pakistan (IDA & IBRD)",TMN,2015,92.7799106414588
Tonga,TON,2015,100.0
South Asia (IDA & IBRD),TSA,2015,86.5327784624672
Sub-Saharan Africa (IDA & IBRD countries),TSS,2015,39.1996500160838
Trinidad and Tobago,TTO,2015,100.0
Tunisia,TUN,2015,99.9
Turkiye,TUR,2015,100.0
Tuvalu,TUV,2015,98.1
Tanzania,TZA,2015,26.2
Uganda,UGA,2015,18.5
Ukraine,UKR,2015,100.0
Upper middle income,UMC,2015,98.9983511185364
Uruguay,URY,2015,99.7
United States,USA,2015,100.0
Uzbekistan,UZB,2015,99.9
St. Vincent and the Grenadines,VCT,2015,99.4
"Venezuela, RB",VEN,2015,100.0
British Virgin Islands,VGB,2015,100.0
Virgin Islands (U.S.),VIR,2015,100.0
Viet Nam,VNM,2015,99.3
Vanuatu,VUT,2015,52.3
World,WLD,2015,86.9239995427518
Samoa,WSM,2015,98.2
"Yemen, Rep.",YEM,2015,67.4
South Africa,ZAF,2015,85.3
Zambia,ZMB,2015,31.1
Zimbabwe,ZWE,2015,33.7
Aruba,ABW,2016,100.0
Africa Eastern and Southern,AFE,2016,38.8595976583714
Afghanistan,AFG,2016,97.7
Africa Western and Central,AFW,2016,51.0451271925992
Angola,AGO,2016,41.8
Albania,ALB,2016,99.9
Andorra,AND,2016,100.0
Arab World,ARB,2016,89.1861710572826
United Arab Emirates,ARE,2016,100.0
Argentina,ARG,2016,99.9
Armenia,ARM,2016,99.8
Antigua and Barbuda,ATG,2016,100.0
Australia,AUS,2016,100.0
Austria,AUT,2016,100.0
Azerbaijan,AZE,2016,100.0
Burundi,BDI,2016,8.5
Belgium,BEL,2016,100.0
Benin,BEN,2016,37.0
Burkina Faso,BFA,2016,16.6
Bangladesh,BGD,2016,75.9
Bulgaria,BGR,2016,97.3
Bahrain,BHR,2016,100.0
"Bahamas, The",BHS,2016,100.0
Bosnia and Herzegovina,BIH,2016,100.0
Belarus,BLR,2016,98.0
Belize,BLZ,2016,93.3
Bermuda,BMU,2016,100.0
Bolivia,BOL,2016,91.8
Brazil,BRA,2016,99.7
Barbados,BRB,2016,100.0
Brunei Darussalam,BRN,2016,100.0
Bhutan,BTN,2016,99.3
Botswana,BWA,2016,64.2
Central African Republic,CAF,2016,13.4
Canada,CAN,2016,100.0
Central Europe and the Baltics,CEB,2016,99.6459138297945
Switzerland,CHE,2016,100.0
Channel Islands,CHI,2016,100.0
Chile,CHL,2016,100.0
China,CHN,2016,100.0
Cote d'Ivoire,CIV,2016,64.3
Cameroon,CMR,2016,59.8
"Congo, Dem. Rep.",COD,2016,17.3
"Congo, Rep.",COG,2016,45.3
Colombia,COL,2016,98.4
Comoros,COM,2016,76.4
Cabo Verde,CPV,2016,87.5
Costa Rica,CRI,2016,99.5
Caribbean small states,CSS,2016,96.6656867832991
Cuba,CUB,2016,99.2
Curacao,CUW,2016,100.0
Cayman Islands,CYM,2016,100.0
Cyprus,CYP,2016,100.0
Czechia,CZE,2016,100.0
Germany,DEU,2016,100.0
Djibouti,DJI,2016,59.8
Dominica,DMA,2016,97.8
Denmark,DNK,2016,100.0
Dominican Republic,DOM,2016,98.9
Algeria,DZA,2016,99.4
East Asia & Pacific (excluding high income),EAP,2016,96.7165341917277
Early-demographic dividend,EAR,2016,88.3494481253503
East Asia & Pacific,EAS,2016,97.0343965831866
Europe & Central Asia (excluding high income),ECA,2016,99.8659600305289
Europe & Central Asia,ECS,2016,99.8289902167753
Ecuador,ECU,2016,98.7
"Egypt, Arab Rep.",EGY,2016,100.0
Euro area,EMU,2016,100.0
Eritrea,ERI,2016,46.9
Spain,ESP,2016,100.0
Estonia,EST,2016,100.0
Ethiopia,ETH,2016,42.9
European Union,EUU,2016,99.9182637194093
Fragile and conflict affected situations,FCS,2016,54.1757718946072
Finland,FIN,2016,100.0
Fiji,FJI,2016,93.4
France,FRA,2016,100.0
Faroe Islands,FRO,2016,100.0
"Micronesia, Fed. Sts.",FSM,2016,74.8
Gabon,GAB,2016,88.1
United Kingdom,GBR,2016,100.0
Georgia,GEO,2016,100.0
Ghana,GHA,2016,79.3
Gibraltar,GIB,2016,100.0
Guinea,GIN,2016,33.5
"Gambia, The",GMB,2016,56.4
Guinea-Bissau,GNB,2016,22.9
Equatorial Guinea,GNQ,2016,66.2
Greece,GRC,2016,100.0
Grenada,GRD,2016,91.8
Greenland,GRL,2016,100.0
Guatemala,GTM,2016,91.8
Guam,GUM,2016,100.0
Guyana,GUY,2016,89.0
High income,HIC,2016,99.8749399241358
"Hong Kong SAR, China",HKG,2016,100.0
Honduras,HND,2016,91.6
Heavily indebted poor countries (HIPC),HPC,2016,40.5879143859095
Croatia,HRV,2016,100.0
Haiti,HTI,2016,40.4
Hungary,HUN,2016,100.0
IBRD only,IBD,2016,95.836371597902
IDA & IBRD total,IBT,2016,86.1979701404555
IDA total,IDA,2016,58.3948761048664
IDA blend,IDB,2016,72.5460349141719
Indonesia,IDN,2016,97.6
IDA only,IDX,2016,50.6602264813623
Isle of Man,IMN,2016,100.0
India,IND,2016,89.6
Ireland,IRL,2016,100.0
"Iran, Islamic Rep.",IRN,2016,100.0
Iraq,IRQ,2016,99.7
Iceland,ISL,2016,100.0
Israel,ISR,2016,100.0
Italy,ITA,2016,100.0
Jamaica,JAM,2016,96.6
Jordan,JOR,2016,100.0
Japan,JPN,2016,100.0
Kazakhstan,KAZ,2016,100.0
Kenya,KEN,2016,53.1
Kyrgyz Republic,KGZ,2016,99.7
Cambodia,KHM,2016,68.8
Kiribati,KIR,2016,92.6
St. Kitts and Nevis,KNA,2016,100.0
"Korea, Rep.",KOR,2016,100.0
Kuwait,KWT,2016,100.0
Latin America & Caribbean (excluding high income),LAC,2016,97.2783725152738
Lao PDR,LAO,2016,89.0
Lebanon,LBN,2016,99.8
Liberia,LBR,2016,17.7
Libya,LBY,2016,72.2
St. Lucia,LCA,2016,99.8
Latin America & Caribbean,LCN,2016,97.4783821342287
Least developed countries: UN classification,LDC,2016,46.3458332429442
Low income,LIC,2016,36.4336124161591
Liechtenstein,LIE,2016,100.0
Sri Lanka,LKA,2016,97.5
Lower middle income,LMC,2016,82.7167145232316
Low & middle income,LMY,2016,86.205662408907
Lesotho,LSO,2016,35.1
Late-demographic dividend,LTE,2016,99.1163496922603
Lithuania,LTU,2016,100.0
Luxembourg,LUX,2016,100.0
Latvia,LVA,2016,100.0
"Macao SAR, China",MAC,2016,100.0
St. Martin (French part),MAF,2016,100.0
Morocco,MAR,2016,97.8
Monaco,MCO,2016,100.0
Moldova,MDA,2016,99.9
Madagascar,MDG,2016,22.9
Maldives,MDV,2016,100.0
"Middle East, North Africa, Afghanistan & Pakistan",MEA,2016,95.158764819742
Mexico,MEX,2016,99.5
Marshall Islands,MHL,2016,92.7
Middle income,MIC,2016,90.7291286306228
North Macedonia,MKD,2016,100.0
Mali,MLI,2016,38.8
Malta,MLT,2016,100.0
Myanmar,MMR,2016,55.6
"Middle East, North Africa, Afghanistan & Pakistan (excluding high income)",MNA,2016,94.704907124104
Montenegro,MNE,2016,99.6
Mongolia,MNG,2016,90.8
Northern Mariana Islands,MNP,2016,100.0
Mozambique,MOZ,2016,26.2
Mauritania,MRT,2016,41.2
Mauritius,MUS,2016,99.7
Malawi,MWI,2016,11.0
Malaysia,MYS,2016,99.9
North America,NAC,2016,100.0
Namibia,NAM,2016,49.7
New Caledonia,NCL,2016,100.0
Niger,NER,2016,17.0
Nigeria,NGA,2016,59.3
Nicaragua,NIC,2016,83.9
Netherlands,NLD,2016,100.0
Norway,NOR,2016,100.0
Nepal,NPL,2016,90.7
Nauru,NRU,2016,99.7
New Zealand,NZL,2016,100.0
OECD members,OED,2016,99.8959370066929
Oman,OMN,2016,100.0
Other small states,OSS,2016,87.8544041310444
Pakistan,PAK,2016,91.8
Panama,PAN,2016,92.4
Peru,PER,2016,94.2
Philippines,PHL,2016,92.0
Palau,PLW,2016,100.0
Papua New Guinea,PNG,2016,13.5
Poland,POL,2016,100.0
Pre-demographic dividend,PRE,2016,44.6718700054727
Puerto Rico (US),PRI,2016,100.0
"Korea, Dem. People's Rep.",PRK,2016,42.1
Portugal,PRT,2016,100.0
Paraguay,PRY,2016,98.4
West Bank and Gaza,PSE,2016,100.0
Pacific island small states,PSS,2016,79.9083422592839
Post-demographic dividend,PST,2016,99.9577816688384
French Polynesia,PYF,2016,100.0
Qatar,QAT,2016,100.0
Romania,ROU,2016,99.1
Russian Federation,RUS,2016,99.4
Rwanda,RWA,2016,29.4
South Asia,SAS,2016,88.3184480403398
Saudi Arabia,SAU,2016,99.9
Sudan,SDN,2016,50.5
Senegal,SEN,2016,64.5
Singapore,SGP,2016,100.0
Solomon Islands,SLB,2016,58.2
Sierra Leone,SLE,2016,20.3
El Salvador,SLV,2016,96.0
San Marino,SMR,2016,100.0
"Somalia, Fed. Rep.",SOM,2016,51.1
Serbia,SRB,2016,99.9
Sub-Saharan Africa (excluding high income),SSA,2016,43.9294742312831
South Sudan,SSD,2016,5.3
Sub-Saharan Africa,SSF,2016,43.8301651403807
Small states,SST,2016,88.8486713357501
Sao Tome and Principe,STP,2016,69.4
Suriname,SUR,2016,95.8
Slovak Republic,SVK,2016,100.0
Slovenia,SVN,2016,100.0
Sweden,SWE,2016,100.0
Eswatini,SWZ,2016,63.4
Sint Maarten (Dutch part),SXM,2016,100.0
Seychelles,SYC,2016,100.0
Syrian Arab Republic,SYR,2016,89.8
Turks and Caicos Islands,TCA,2016,100.0
Chad,TCD,2016,9.2
East Asia & Pacific (IDA & IBRD countries),TEA,2016,97.4026392373466
Europe & Central Asia (IDA & IBRD countries),TEC,2016,99.6574040765117
Togo,TGO,2016,46.8
Thailand,THA,2016,99.9
Tajikistan,TJK,2016,99.3
Turkmenistan,TKM,2016,100.0
Latin America & the Caribbean (IDA & IBRD countries),TLA,2016,97.4280893456675
Timor-Leste,TLS,2016,76.5
"Middle East, North Africa, Afghanistan & Pakistan (IDA & IBRD)",TMN,2016,94.6688585064836
Tonga,TON,2016,97.0
South Asia (IDA & IBRD),TSA,2016,88.3184480403398
Sub-Saharan Africa (IDA & IBRD countries),TSS,2016,43.8301651403807
Trinidad and Tobago,TTO,2016,100.0
Tunisia,TUN,2016,100.0
Turkiye,TUR,2016,100.0
Tuvalu,TUV,2016,97.3
Tanzania,TZA,2016,32.8
Uganda,UGA,2016,26.7
Ukraine,UKR,2016,100.0
Upper middle income,UMC,2016,99.0344942337774
Uruguay,URY,2016,99.7
United States,USA,2016,100.0
Uzbekistan,UZB,2016,99.9
St. Vincent and the Grenadines,VCT,2016,99.7
"Venezuela, RB",VEN,2016,99.4
British Virgin Islands,VGB,2016,100.0
Virgin Islands (U.S.),VIR,2016,100.0
Viet Nam,VNM,2016,99.2
Vanuatu,VUT,2016,57.8
World,WLD,2016,88.1044791994569
Samoa,WSM,2016,98.9
"Yemen, Rep.",YEM,2016,68.9
South Africa,ZAF,2016,83.9
Zambia,ZMB,2016,35.4
Zimbabwe,ZWE,2016,42.5
Aruba,ABW,2017,100.0
Africa Eastern and Southern,AFE,2017,40.2237441730368
Afghanistan,AFG,2017,97.7
Africa Western and Central,AFW,2017,48.9007280475057
Angola,AGO,2017,42.9
Albania,ALB,2017,99.9
Andorra,AND,2017,100.0
Arab World,ARB,2017,90.3510669396465
United Arab Emirates,ARE,2017,100.0
Argentina,ARG,2017,100.0
Armenia,ARM,2017,99.7
Antigua and Barbuda,ATG,2017,100.0
Australia,AUS,2017,100.0
Austria,AUT,2017,100.0
Azerbaijan,AZE,2017,100.0
Burundi,BDI,2017,9.3
Belgium,BEL,2017,100.0
Benin,BEN,2017,34.5
Burkina Faso,BFA,2017,17.0
Bangladesh,BGD,2017,88.0
Bulgaria,BGR,2017,98.1
Bahrain,BHR,2017,100.0
"Bahamas, The",BHS,2017,100.0
Bosnia and Herzegovina,BIH,2017,100.0
Belarus,BLR,2017,98.7
Belize,BLZ,2017,94.2
Bermuda,BMU,2017,100.0
Bolivia,BOL,2017,91.8
Brazil,BRA,2017,99.8
Barbados,BRB,2017,100.0
Brunei Darussalam,BRN,2017,100.0
Bhutan,BTN,2017,97.7
Botswana,BWA,2017,67.4
Central African Republic,CAF,2017,14.1
Canada,CAN,2017,100.0
Central Europe and the Baltics,CEB,2017,99.8736866830469
Switzerland,CHE,2017,100.0
Channel Islands,CHI,2017,100.0
Chile,CHL,2017,99.7
China,CHN,2017,100.0
Cote d'Ivoire,CIV,2017,65.6
Cameroon,CMR,2017,60.9
"Congo, Dem. Rep.",COD,2017,18.0
"Congo, Rep.",COG,2017,46.2
Colombia,COL,2017,98.5
Comoros,COM,2017,78.7
Cabo Verde,CPV,2017,88.6
Costa Rica,CRI,2017,99.6
Caribbean small states,CSS,2017,97.0542900594117
Cuba,CUB,2017,99.4
Curacao,CUW,2017,100.0
Cayman Islands,CYM,2017,100.0
Cyprus,CYP,2017,100.0
Czechia,CZE,2017,100.0
Germany,DEU,2017,100.0
Djibouti,DJI,2017,60.2
Dominica,DMA,2017,98.9
Denmark,DNK,2017,100.0
Dominican Republic,DOM,2017,100.0
Algeria,DZA,2017,99.5
East Asia & Pacific (excluding high income),EAP,2017,97.4453072983769
Early-demographic dividend,EAR,2017,90.5086728796454
East Asia & Pacific,EAS,2017,97.6915359289014
Europe & Central Asia (excluding high income),ECA,2017,99.9182925529991
Europe & Central Asia,ECS,2017,99.9641487037409
Ecuador,ECU,2017,99.2
"Egypt, Arab Rep.",EGY,2017,100.0
Euro area,EMU,2017,100.0
Eritrea,ERI,2017,48.0
Spain,ESP,2017,100.0
Estonia,EST,2017,100.0
Ethiopia,ETH,2017,44.3
European Union,EUU,2017,99.9709724278479
Fragile and conflict affected situations,FCS,2017,54.5377495544254
Finland,FIN,2017,100.0
Fiji,FJI,2017,96.0
France,FRA,2017,100.0
Faroe Islands,FRO,2017,100.0
"Micronesia, Fed. Sts.",FSM,2017,76.5
Gabon,GAB,2017,86.3
United Kingdom,GBR,2017,100.0
Georgia,GEO,2017,100.0
Ghana,GHA,2017,79.0
Gibraltar,GIB,2017,100.0
Guinea,GIN,2017,35.4
"Gambia, The",GMB,2017,56.2
Guinea-Bissau,GNB,2017,26.0
Equatorial Guinea,GNQ,2017,66.4
Greece,GRC,2017,100.0
Grenada,GRD,2017,92.2
Greenland,GRL,2017,100.0
Guatemala,GTM,2017,93.3
Guam,GUM,2017,100.0
Guyana,GUY,2017,90.0
High income,HIC,2017,99.9597217667473
"Hong Kong SAR, China",HKG,2017,100.0
Honduras,HND,2017,86.5
Heavily indebted poor countries (HIPC),HPC,2017,41.4761400082642
Croatia,HRV,2017,100.0
Haiti,HTI,2017,43.3
Hungary,HUN,2017,100.0
IBRD only,IBD,2017,96.6040591336246
IDA & IBRD total,IBT,2017,87.1780648108782
IDA total,IDA,2017,60.3179355432412
IDA blend,IDB,2017,71.6466137332559
Indonesia,IDN,2017,98.1
IDA only,IDX,2017,54.1427240952534
Isle of Man,IMN,2017,100.0
India,IND,2017,91.8
Ireland,IRL,2017,100.0
"Iran, Islamic Rep.",IRN,2017,99.9
Iraq,IRQ,2017,99.9
Iceland,ISL,2017,100.0
Israel,ISR,2017,100.0
Italy,ITA,2017,100.0
Jamaica,JAM,2017,97.4
Jordan,JOR,2017,100.0
Japan,JPN,2017,100.0
Kazakhstan,KAZ,2017,100.0
Kenya,KEN,2017,55.8
Kyrgyz Republic,KGZ,2017,100.0
Cambodia,KHM,2017,89.1
Kiribati,KIR,2017,85.7
St. Kitts and Nevis,KNA,2017,100.0
"Korea, Rep.",KOR,2017,100.0
Kuwait,KWT,2017,100.0
Latin America & Caribbean (excluding high income),LAC,2017,97.5494520001496
Lao PDR,LAO,2017,93.6
Lebanon,LBN,2017,99.9
Liberia,LBR,2017,24.2
Libya,LBY,2017,70.6
St. Lucia,LCA,2017,99.9
Latin America & Caribbean,LCN,2017,97.7105992174177
Least developed countries: UN classification,LDC,2017,50.2044940868735
Low income,LIC,2017,38.1792563861523
Liechtenstein,LIE,2017,100.0
Sri Lanka,LKA,2017,97.5
Lower middle income,LMC,2017,84.659238704957
Low & middle income,LMY,2017,87.2277670796171
Lesotho,LSO,2017,33.7
Late-demographic dividend,LTE,2017,99.2721123074965
Lithuania,LTU,2017,100.0
Luxembourg,LUX,2017,100.0
Latvia,LVA,2017,100.0
"Macao SAR, China",MAC,2017,100.0
St. Martin (French part),MAF,2017,100.0
Morocco,MAR,2017,100.0
Monaco,MCO,2017,100.0
Moldova,MDA,2017,100.0
Madagascar,MDG,2017,24.1
Maldives,MDV,2017,99.8
"Middle East, North Africa, Afghanistan & Pakistan",MEA,2017,96.0012431691978
Mexico,MEX,2017,100.0
Marshall Islands,MHL,2017,93.8
Middle income,MIC,2017,91.7558824062698
North Macedonia,MKD,2017,100.0
Mali,MLI,2017,34.8
Malta,MLT,2017,100.0
Myanmar,MMR,2017,69.8
"Middle East, North Africa, Afghanistan & Pakistan (excluding high income)",MNA,2017,95.6230221837644
Montenegro,MNE,2017,100.0
Mongolia,MNG,2017,93.6
Northern Mariana Islands,MNP,2017,100.0
Mozambique,MOZ,2017,24.3
Mauritania,MRT,2017,42.9
Mauritius,MUS,2017,99.6
Malawi,MWI,2017,12.7
Malaysia,MYS,2017,100.0
North America,NAC,2017,100.0
Namibia,NAM,2017,52.5
New Caledonia,NCL,2017,100.0
Niger,NER,2017,17.6
Nigeria,NGA,2017,54.4
Nicaragua,NIC,2017,84.6
Netherlands,NLD,2017,100.0
Norway,NOR,2017,100.0
Nepal,NPL,2017,86.6
Nauru,NRU,2017,99.8
New Zealand,NZL,2017,100.0
OECD members,OED,2017,99.9408590340957
Oman,OMN,2017,100.0
Other small states,OSS,2017,89.3280026877149
Pakistan,PAK,2017,92.7
Panama,PAN,2017,93.7
Peru,PER,2017,94.8
Philippines,PHL,2017,93.0
Palau,PLW,2017,100.0
Papua New Guinea,PNG,2017,19.2
Poland,POL,2017,100.0
Pre-demographic dividend,PRE,2017,44.3587801999364
Puerto Rico (US),PRI,2017,100.0
"Korea, Dem. People's Rep.",PRK,2017,44.2
Portugal,PRT,2017,100.0
Paraguay,PRY,2017,99.3
West Bank and Gaza,PSE,2017,99.9
Pacific island small states,PSS,2017,82.1041734677982
Post-demographic dividend,PST,2017,99.9711225773329
French Polynesia,PYF,2017,100.0
Qatar,QAT,2017,100.0
Romania,ROU,2017,100.0
Russian Federation,RUS,2017,100.0
Rwanda,RWA,2017,34.1
South Asia,SAS,2017,91.3983728307397
Saudi Arabia,SAU,2017,100.0
Sudan,SDN,2017,53.0
Senegal,SEN,2017,61.7
Singapore,SGP,2017,100.0
Solomon Islands,SLB,2017,62.9
Sierra Leone,SLE,2017,23.4
El Salvador,SLV,2017,96.8
San Marino,SMR,2017,100.0
"Somalia, Fed. Rep.",SOM,2017,52.1
Serbia,SRB,2017,100.0
Sub-Saharan Africa (excluding high income),SSA,2017,43.6966106335647
South Sudan,SSD,2017,4.2
Sub-Saharan Africa,SSF,2017,43.7628194566177
Small states,SST,2017,90.1550278534803
Sao Tome and Principe,STP,2017,74.3
Suriname,SUR,2017,96.6
Slovak Republic,SVK,2017,100.0
Slovenia,SVN,2017,100.0
Sweden,SWE,2017,100.0
Eswatini,SWZ,2017,73.5
Sint Maarten (Dutch part),SXM,2017,100.0
Seychelles,SYC,2017,100.0
Syrian Arab Republic,SYR,2017,89.6
Turks and Caicos Islands,TCA,2017,100.0
Chad,TCD,2017,10.9
East Asia & Pacific (IDA & IBRD countries),TEA,2017,98.1121893727336
Europe & Central Asia (IDA & IBRD countries),TEC,2017,99.9282316965341
Togo,TGO,2017,48.0
Thailand,THA,2017,99.9
Tajikistan,TJK,2017,99.3
Turkmenistan,TKM,2017,100.0
Latin America & the Caribbean (IDA & IBRD countries),TLA,2017,97.6633402843346
Timor-Leste,TLS,2017,79.5
"Middle East, North Africa, Afghanistan & Pakistan (IDA & IBRD)",TMN,2017,95.593813647771
Tonga,TON,2017,98.2
South Asia (IDA & IBRD),TSA,2017,91.3983728307397
Sub-Saharan Africa (IDA & IBRD countries),TSS,2017,43.7628194566177
Trinidad and Tobago,TTO,2017,100.0
Tunisia,TUN,2017,100.0
Turkiye,TUR,2017,100.0
Tuvalu,TUV,2017,98.7
Tanzania,TZA,2017,32.1
Uganda,UGA,2017,32.4
Ukraine,UKR,2017,100.0
Upper middle income,UMC,2017,99.1608269162572
Uruguay,URY,2017,99.8
United States,USA,2017,100.0
Uzbekistan,UZB,2017,100.0
St. Vincent and the Grenadines,VCT,2017,100.0
"Venezuela, RB",VEN,2017,99.2
British Virgin Islands,VGB,2017,100.0
Virgin Islands (U.S.),VIR,2017,100.0
Viet Nam,VNM,2017,100.0
Vanuatu,VUT,2017,62.8
World,WLD,2017,88.9317628469647
Samoa,WSM,2017,96.8
"Yemen, Rep.",YEM,2017,79.2
South Africa,ZAF,2017,84.4
Zambia,ZMB,2017,40.3
Zimbabwe,ZWE,2017,44.0
Aruba,ABW,2018,100.0
Africa Eastern and Southern,AFE,2018,43.0350733507835
Afghanistan,AFG,2018,93.4
Africa Western and Central,AFW,2018,51.3358293517534
Angola,AGO,2018,45.3
Albania,ALB,2018,100.0
Andorra,AND,2018,100.0
Arab World,ARB,2018,88.6898406472267
United Arab Emirates,ARE,2018,100.0
Argentina,ARG,2018,100.0
Armenia,ARM,2018,99.9
Antigua and Barbuda,ATG,2018,100.0
Australia,AUS,2018,100.0
Austria,AUT,2018,100.0
Azerbaijan,AZE,2018,100.0
Burundi,BDI,2018,9.5
Belgium,BEL,2018,100.0
Benin,BEN,2018,39.0
Burkina Faso,BFA,2018,14.4
Bangladesh,BGD,2018,86.9
Bulgaria,BGR,2018,98.7
Bahrain,BHR,2018,100.0
"Bahamas, The",BHS,2018,100.0
Bosnia and Herzegovina,BIH,2018,100.0
Belarus,BLR,2018,99.3
Belize,BLZ,2018,91.7
Bermuda,BMU,2018,100.0
Bolivia,BOL,2018,92.8
Brazil,BRA,2018,99.7
Barbados,BRB,2018,100.0
Brunei Darussalam,BRN,2018,100.0
Bhutan,BTN,2018,100.0
Botswana,BWA,2018,68.3
Central African Republic,CAF,2018,14.6
Canada,CAN,2018,100.0
Central Europe and the Baltics,CEB,2018,99.8763758983526
Switzerland,CHE,2018,100.0
Channel Islands,CHI,2018,100.0
Chile,CHL,2018,100.0
China,CHN,2018,100.0
Cote d'Ivoire,CIV,2018,67.1
Cameroon,CMR,2018,62.2
"Congo, Dem. Rep.",COD,2018,18.7
"Congo, Rep.",COG,2018,47.0
Colombia,COL,2018,98.5
Comoros,COM,2018,81.0
Cabo Verde,CPV,2018,90.2
Costa Rica,CRI,2018,99.7
Caribbean small states,CSS,2018,97.0878277080481
Cuba,CUB,2018,99.6
Curacao,CUW,2018,100.0
Cayman Islands,CYM,2018,100.0
Cyprus,CYP,2018,100.0
Czechia,CZE,2018,100.0
Germany,DEU,2018,100.0
Djibouti,DJI,2018,62.4
Dominica,DMA,2018,99.6
Denmark,DNK,2018,100.0
Dominican Republic,DOM,2018,98.9
Algeria,DZA,2018,99.6
East Asia & Pacific (excluding high income),EAP,2018,97.4123829747175
Early-demographic dividend,EAR,2018,91.9927109222766
East Asia & Pacific,EAS,2018,97.66096406877
Europe & Central Asia (excluding high income),ECA,2018,99.9420709286303
Europe & Central Asia,ECS,2018,99.9707833919463
Ecuador,ECU,2018,98.7
"Egypt, Arab Rep.",EGY,2018,100.0
Euro area,EMU,2018,100.0
Eritrea,ERI,2018,49.1
Spain,ESP,2018,100.0
Estonia,EST,2018,100.0
Ethiopia,ETH,2018,44.8
European Union,EUU,2018,99.9717275681447
Fragile and conflict affected situations,FCS,2018,54.5154686576955
Finland,FIN,2018,100.0
Fiji,FJI,2018,95.1
France,FRA,2018,100.0
Faroe Islands,FRO,2018,100.0
"Micronesia, Fed. Sts.",FSM,2018,78.3
Gabon,GAB,2018,89.6
United Kingdom,GBR,2018,100.0
Georgia,GEO,2018,99.9
Ghana,GHA,2018,80.4
Gibraltar,GIB,2018,100.0
Guinea,GIN,2018,45.0
"Gambia, The",GMB,2018,60.3
Guinea-Bissau,GNB,2018,28.4
Equatorial Guinea,GNQ,2018,66.5
Greece,GRC,2018,100.0
Grenada,GRD,2018,92.3
Greenland,GRL,2018,100.0
Guatemala,GTM,2018,94.2
Guam,GUM,2018,100.0
Guyana,GUY,2018,90.9
High income,HIC,2018,99.9626510693694
"Hong Kong SAR, China",HKG,2018,100.0
Honduras,HND,2018,91.6
Heavily indebted poor countries (HIPC),HPC,2018,43.9780559155511
Croatia,HRV,2018,100.0
Haiti,HTI,2018,44.4
Hungary,HUN,2018,100.0
IBRD only,IBD,2018,97.7498443251445
IDA & IBRD total,IBT,2018,88.2029739724979
IDA total,IDA,2018,61.3544488370868
IDA blend,IDB,2018,73.151878223369
Indonesia,IDN,2018,98.5
IDA only,IDX,2018,54.9412739063695
Isle of Man,IMN,2018,100.0
India,IND,2018,95.7
Ireland,IRL,2018,100.0
"Iran, Islamic Rep.",IRN,2018,100.0
Iraq,IRQ,2018,99.9
Iceland,ISL,2018,100.0
Israel,ISR,2018,100.0
Italy,ITA,2018,100.0
Jamaica,JAM,2018,98.2
Jordan,JOR,2018,99.9
Japan,JPN,2018,100.0
Kazakhstan,KAZ,2018,100.0
Kenya,KEN,2018,61.2
Kyrgyz Republic,KGZ,2018,100.0
Cambodia,KHM,2018,80.7
Kiribati,KIR,2018,87.5
St. Kitts and Nevis,KNA,2018,100.0
"Korea, Rep.",KOR,2018,100.0
Kuwait,KWT,2018,100.0
Latin America & Caribbean (excluding high income),LAC,2018,97.5550235798694
Lao PDR,LAO,2018,92.9
Lebanon,LBN,2018,99.7
Liberia,LBR,2018,22.8
Libya,LBY,2018,67.0
St. Lucia,LCA,2018,100.0
Latin America & Caribbean,LCN,2018,97.756715207991
Least developed countries: UN classification,LDC,2018,51.0874202600401
Low income,LIC,2018,39.6838027900568
Liechtenstein,LIE,2018,100.0
Sri Lanka,LKA,2018,99.6
Lower middle income,LMC,2018,86.9121805698534
Low & middle income,LMY,2018,88.3266471423387
Lesotho,LSO,2018,47.0
Late-demographic dividend,LTE,2018,99.2806763593238
Lithuania,LTU,2018,100.0
Luxembourg,LUX,2018,100.0
Latvia,LVA,2018,100.0
"Macao SAR, China",MAC,2018,100.0
St. Martin (French part),MAF,2018,100.0
Morocco,MAR,2018,98.1
Monaco,MCO,2018,100.0
Moldova,MDA,2018,100.0
Madagascar,MDG,2018,36.5
Maldives,MDV,2018,100.0
"Middle East, North Africa, Afghanistan & Pakistan",MEA,2018,94.9706861712286
Mexico,MEX,2018,99.5
Marshall Islands,MHL,2018,95.3
Middle income,MIC,2018,92.8949172748869
North Macedonia,MKD,2018,99.8
Mali,MLI,2018,50.9
Malta,MLT,2018,100.0
Myanmar,MMR,2018,66.1
"Middle East, North Africa, Afghanistan & Pakistan (excluding high income)",MNA,2018,94.5093636648155
Montenegro,MNE,2018,100.0
Mongolia,MNG,2018,98.1
Northern Mariana Islands,MNP,2018,100.0
Mozambique,MOZ,2018,31.1
Mauritania,MRT,2018,43.6
Mauritius,MUS,2018,99.8
Malawi,MWI,2018,18.0
Malaysia,MYS,2018,100.0
North America,NAC,2018,100.0
Namibia,NAM,2018,52.3
New Caledonia,NCL,2018,100.0
Niger,NER,2018,17.6
Nigeria,NGA,2018,56.5
Nicaragua,NIC,2018,85.2
Netherlands,NLD,2018,100.0
Norway,NOR,2018,100.0
Nepal,NPL,2018,93.9
Nauru,NRU,2018,99.9
New Zealand,NZL,2018,100.0
OECD members,OED,2018,99.8987734342049
Oman,OMN,2018,100.0
Other small states,OSS,2018,90.472453074168
Pakistan,PAK,2018,93.4
Panama,PAN,2018,93.8
Peru,PER,2018,95.2
Philippines,PHL,2018,94.2
Palau,PLW,2018,100.0
Papua New Guinea,PNG,2018,16.6
Poland,POL,2018,100.0
Pre-demographic dividend,PRE,2018,47.1055374833379
Puerto Rico (US),PRI,2018,100.0
"Korea, Dem. People's Rep.",PRK,2018,46.3
Portugal,PRT,2018,100.0
Paraguay,PRY,2018,99.6
West Bank and Gaza,PSE,2018,100.0
Pacific island small states,PSS,2018,82.69782730903
Post-demographic dividend,PST,2018,99.9821644449028
French Polynesia,PYF,2018,100.0
Qatar,QAT,2018,100.0
Romania,ROU,2018,99.8
Russian Federation,RUS,2018,100.0
Rwanda,RWA,2018,38.0
South Asia,SAS,2018,94.8192024055978
Saudi Arabia,SAU,2018,99.9
Sudan,SDN,2018,55.3
Senegal,SEN,2018,66.0
Singapore,SGP,2018,100.0
Solomon Islands,SLB,2018,65.8
Sierra Leone,SLE,2018,26.1
El Salvador,SLV,2018,97.0
San Marino,SMR,2018,100.0
"Somalia, Fed. Rep.",SOM,2018,50.7
Serbia,SRB,2018,100.0
Sub-Saharan Africa (excluding high income),SSA,2018,46.5941222062837
South Sudan,SSD,2018,6.3
Sub-Saharan Africa,SSF,2018,46.4166752425457
Small states,SST,2018,90.9647335432231
Sao Tome and Principe,STP,2018,71.0
Suriname,SUR,2018,97.4
Slovak Republic,SVK,2018,100.0
Slovenia,SVN,2018,100.0
Sweden,SWE,2018,100.0
Eswatini,SWZ,2018,74.0
Sint Maarten (Dutch part),SXM,2018,100.0
Seychelles,SYC,2018,100.0
Syrian Arab Republic,SYR,2018,86.0
Turks and Caicos Islands,TCA,2018,100.0
Chad,TCD,2018,10.1
East Asia & Pacific (IDA & IBRD countries),TEA,2018,98.0512297506321
Europe & Central Asia (IDA & IBRD countries),TEC,2018,99.941528994937
Togo,TGO,2018,50.0
Thailand,THA,2018,99.8
Tajikistan,TJK,2018,99.3
Turkmenistan,TKM,2018,100.0
Latin America & the Caribbean (IDA & IBRD countries),TLA,2018,97.7078847938323
Timor-Leste,TLS,2018,85.2
"Middle East, North Africa, Afghanistan & Pakistan (IDA & IBRD)",TMN,2018,94.4715748209862
Tonga,TON,2018,99.0
South Asia (IDA & IBRD),TSA,2018,94.8192024055978
Sub-Saharan Africa (IDA & IBRD countries),TSS,2018,46.4166752425457
Trinidad and Tobago,TTO,2018,100.0
Tunisia,TUN,2018,99.8
Turkiye,TUR,2018,100.0
Tuvalu,TUV,2018,99.0
Tanzania,TZA,2018,34.9
Uganda,UGA,2018,41.9
Ukraine,UKR,2018,100.0
Upper middle income,UMC,2018,99.1796087241328
Uruguay,URY,2018,99.8
United States,USA,2018,100.0
Uzbekistan,UZB,2018,100.0
St. Vincent and the Grenadines,VCT,2018,100.0
"Venezuela, RB",VEN,2018,99.9
British Virgin Islands,VGB,2018,100.0
Virgin Islands (U.S.),VIR,2018,100.0
Viet Nam,VNM,2018,100.0
Vanuatu,VUT,2018,61.6
World,WLD,2018,89.7973878560124
Samoa,WSM,2018,99.8
"Yemen, Rep.",YEM,2018,62.0
South Africa,ZAF,2018,84.7
Zambia,ZMB,2018,40.2
Zimbabwe,ZWE,2018,45.4
Aruba,ABW,2019,100.0
Africa Eastern and Southern,AFE,2019,44.3908605333639
Afghanistan,AFG,2019,97.7
Africa Western and Central,AFW,2019,51.2915769115352
Angola,AGO,2019,45.6
Albania,ALB,2019,100.0
Andorra,AND,2019,100.0
Arab World,ARB,2019,89.9289963083412
United Arab Emirates,ARE,2019,100.0
Argentina,ARG,2019,100.0
Armenia,ARM,2019,100.0
Antigua and Barbuda,ATG,2019,100.0
Australia,AUS,2019,100.0
Austria,AUT,2019,100.0
Azerbaijan,AZE,2019,100.0
Burundi,BDI,2019,9.8
Belgium,BEL,2019,100.0
Benin,BEN,2019,40.0
Burkina Faso,BFA,2019,17.6
Bangladesh,BGD,2019,92.2
Bulgaria,BGR,2019,99.2
Bahrain,BHR,2019,100.0
"Bahamas, The",BHS,2019,100.0
Bosnia and Herzegovina,BIH,2019,100.0
Belarus,BLR,2019,100.0
Belize,BLZ,2019,92.7
Bermuda,BMU,2019,100.0
Bolivia,BOL,2019,95.1
Brazil,BRA,2019,99.8
Barbados,BRB,2019,100.0
Brunei Darussalam,BRN,2019,100.0
Bhutan,BTN,2019,100.0
Botswana,BWA,2019,70.1
Central African Republic,CAF,2019,14.3
Canada,CAN,2019,100.0
Central Europe and the Baltics,CEB,2019,99.9480349626799
Switzerland,CHE,2019,100.0
Channel Islands,CHI,2019,100.0
Chile,CHL,2019,100.0
China,CHN,2019,100.0
Cote d'Ivoire,CIV,2019,68.6
Cameroon,CMR,2019,63.2
"Congo, Dem. Rep.",COD,2019,19.1
"Congo, Rep.",COG,2019,47.7
Colombia,COL,2019,99.4
Comoros,COM,2019,83.3
Cabo Verde,CPV,2019,91.4
Costa Rica,CRI,2019,99.7
Caribbean small states,CSS,2019,97.3685903913769
Cuba,CUB,2019,99.8
Curacao,CUW,2019,100.0
Cayman Islands,CYM,2019,100.0
Cyprus,CYP,2019,100.0
Czechia,CZE,2019,100.0
Germany,DEU,2019,100.0
Djibouti,DJI,2019,64.7
Dominica,DMA,2019,99.9
Denmark,DNK,2019,100.0
Dominican Republic,DOM,2019,99.0
Algeria,DZA,2019,99.5
East Asia & Pacific (excluding high income),EAP,2019,97.650096061791
Early-demographic dividend,EAR,2019,92.7976553013368
East Asia & Pacific,EAS,2019,97.8752477120245
Europe & Central Asia (excluding high income),ECA,2019,99.9657744725899
Europe & Central Asia,ECS,2019,99.9534523781205
Ecuador,ECU,2019,99.1
"Egypt, Arab Rep.",EGY,2019,100.0
Euro area,EMU,2019,100.0
Eritrea,ERI,2019,50.3
Spain,ESP,2019,100.0
Estonia,EST,2019,100.0
Ethiopia,ETH,2019,48.0
European Union,EUU,2019,99.9881556120147
Fragile and conflict affected situations,FCS,2019,55.4514164250793
Finland,FIN,2019,100.0
Fiji,FJI,2019,96.1
France,FRA,2019,100.0
Faroe Islands,FRO,2019,100.0
"Micronesia, Fed. Sts.",FSM,2019,80.1
Gabon,GAB,2019,90.3
United Kingdom,GBR,2019,100.0
Georgia,GEO,2019,100.0
Ghana,GHA,2019,83.5
Gibraltar,GIB,2019,100.0
Guinea,GIN,2019,42.2
"Gambia, The",GMB,2019,62.1
Guinea-Bissau,GNB,2019,30.9
Equatorial Guinea,GNQ,2019,66.6
Greece,GRC,2019,100.0
Grenada,GRD,2019,93.0
Greenland,GRL,2019,100.0
Guatemala,GTM,2019,95.4
Guam,GUM,2019,100.0
Guyana,GUY,2019,91.6
High income,HIC,2019,99.949609679301
"Hong Kong SAR, China",HKG,2019,100.0
Honduras,HND,2019,91.1
Heavily indebted poor countries (HIPC),HPC,2019,45.0224569328403
Croatia,HRV,2019,100.0
Haiti,HTI,2019,45.4
Hungary,HUN,2019,100.0
IBRD only,IBD,2019,97.87719934712
IDA & IBRD total,IBT,2019,88.5717841906219
IDA total,IDA,2019,62.769644320149
IDA blend,IDB,2019,73.9089088089712
Indonesia,IDN,2019,98.9
IDA only,IDX,2019,56.734623782158
Isle of Man,IMN,2019,100.0
India,IND,2019,95.9
Ireland,IRL,2019,100.0
"Iran, Islamic Rep.",IRN,2019,100.0
Iraq,IRQ,2019,100.0
Iceland,ISL,2019,100.0
Israel,ISR,2019,100.0
Italy,ITA,2019,100.0
Jamaica,JAM,2019,98.9
Jordan,JOR,2019,99.9
Japan,JPN,2019,100.0
Kazakhstan,KAZ,2019,100.0
Kenya,KEN,2019,69.7
Kyrgyz Republic,KGZ,2019,99.9
Cambodia,KHM,2019,84.0
Kiribati,KIR,2019,89.3
St. Kitts and Nevis,KNA,2019,100.0
"Korea, Rep.",KOR,2019,100.0
Kuwait,KWT,2019,100.0
Latin America & Caribbean (excluding high income),LAC,2019,97.83219501534
Lao PDR,LAO,2019,98.4
Lebanon,LBN,2019,100.0
Liberia,LBR,2019,23.1
Libya,LBY,2019,68.5
St. Lucia,LCA,2019,100.0
Latin America & Caribbean,LCN,2019,97.9982113870485
Least developed countries: UN classification,LDC,2019,52.8787122662405
Low income,LIC,2019,40.7021444975815
Liechtenstein,LIE,2019,100.0
Sri Lanka,LKA,2019,99.8
Lower middle income,LMC,2019,87.6135221862236
Low & middle income,LMY,2019,88.6903151850414
Lesotho,LSO,2019,44.6
Late-demographic dividend,LTE,2019,99.3289771232339
Lithuania,LTU,2019,100.0
Luxembourg,LUX,2019,100.0
Latvia,LVA,2019,100.0
"Macao SAR, China",MAC,2019,100.0
St. Martin (French part),MAF,2019,100.0
Morocco,MAR,2019,99.6
Monaco,MCO,2019,100.0
Moldova,MDA,2019,100.0
Madagascar,MDG,2019,31.0
Maldives,MDV,2019,100.0
"Middle East, North Africa, Afghanistan & Pakistan",MEA,2019,96.0087072984601
Mexico,MEX,2019,99.6
Marshall Islands,MHL,2019,96.8
Middle income,MIC,2019,93.2810806550699
North Macedonia,MKD,2019,100.0
Mali,MLI,2019,47.9
Malta,MLT,2019,100.0
Myanmar,MMR,2019,68.3
"Middle East, North Africa, Afghanistan & Pakistan (excluding high income)",MNA,2019,95.6437471934695
Montenegro,MNE,2019,100.0
Mongolia,MNG,2019,98.9
Northern Mariana Islands,MNP,2019,100.0
Mozambique,MOZ,2019,29.7
Mauritania,MRT,2019,44.9
Mauritius,MUS,2019,100.0
Malawi,MWI,2019,11.2
Malaysia,MYS,2019,100.0
North America,NAC,2019,100.0
Namibia,NAM,2019,53.3
New Caledonia,NCL,2019,100.0
Niger,NER,2019,18.5
Nigeria,NGA,2019,55.4
Nicaragua,NIC,2019,85.7
Netherlands,NLD,2019,100.0
Norway,NOR,2019,100.0
Nepal,NPL,2019,89.9
Nauru,NRU,2019,100.0
New Zealand,NZL,2019,100.0
OECD members,OED,2019,99.9400725167424
Oman,OMN,2019,100.0
Other small states,OSS,2019,91.8035513133262
Pakistan,PAK,2019,93.9
Panama,PAN,2019,93.9
Peru,PER,2019,95.6
Philippines,PHL,2019,95.3
Palau,PLW,2019,100.0
Papua New Guinea,PNG,2019,23.6
Poland,POL,2019,100.0
Pre-demographic dividend,PRE,2019,47.5891649924098
Puerto Rico (US),PRI,2019,100.0
"Korea, Dem. People's Rep.",PRK,2019,48.4
Portugal,PRT,2019,100.0
Paraguay,PRY,2019,99.7
West Bank and Gaza,PSE,2019,100.0
Pacific island small states,PSS,2019,84.3434350882329
Post-demographic dividend,PST,2019,99.9932424809452
French Polynesia,PYF,2019,100.0
Qatar,QAT,2019,100.0
Romania,ROU,2019,100.0
Russian Federation,RUS,2019,99.8
Rwanda,RWA,2019,46.6
South Asia,SAS,2019,95.4698953988653
Saudi Arabia,SAU,2019,100.0
Sudan,SDN,2019,57.6
Senegal,SEN,2019,70.4
Singapore,SGP,2019,100.0
Solomon Islands,SLB,2019,69.4
Sierra Leone,SLE,2019,22.7
El Salvador,SLV,2019,97.4
San Marino,SMR,2019,100.0
"Somalia, Fed. Rep.",SOM,2019,49.2
Serbia,SRB,2019,99.8
Sub-Saharan Africa (excluding high income),SSA,2019,47.1016223972235
South Sudan,SSD,2019,6.8
Sub-Saharan Africa,SSF,2019,47.1974168154518
Small states,SST,2019,92.0919222790738
Sao Tome and Principe,STP,2019,75.1
Suriname,SUR,2019,97.9
Slovak Republic,SVK,2019,100.0
Slovenia,SVN,2019,100.0
Sweden,SWE,2019,100.0
Eswatini,SWZ,2019,77.0
Sint Maarten (Dutch part),SXM,2019,100.0
Seychelles,SYC,2019,100.0
Syrian Arab Republic,SYR,2019,89.2
Turks and Caicos Islands,TCA,2019,100.0
Chad,TCD,2019,8.4
East Asia & Pacific (IDA & IBRD countries),TEA,2019,98.2647901194399
Europe & Central Asia (IDA & IBRD countries),TEC,2019,99.9069194604741
Togo,TGO,2019,52.5
Thailand,THA,2019,99.9
Tajikistan,TJK,2019,99.4
Turkmenistan,TKM,2019,99.9
Latin America & the Caribbean (IDA & IBRD countries),TLA,2019,97.9522021469941
Timor-Leste,TLS,2019,90.6
"Middle East, North Africa, Afghanistan & Pakistan (IDA & IBRD)",TMN,2019,95.6135456463624
Tonga,TON,2019,98.4
South Asia (IDA & IBRD),TSA,2019,95.4698953988653
Sub-Saharan Africa (IDA & IBRD countries),TSS,2019,47.1974168154517
Trinidad and Tobago,TTO,2019,100.0
Tunisia,TUN,2019,100.0
Turkiye,TUR,2019,100.0
Tuvalu,TUV,2019,99.7
Tanzania,TZA,2019,37.7
Uganda,UGA,2019,41.3
Ukraine,UKR,2019,100.0
Upper middle income,UMC,2019,99.2771270394009
Uruguay,URY,2019,99.9
United States,USA,2019,100.0
Uzbekistan,UZB,2019,100.0
St. Vincent and the Grenadines,VCT,2019,100.0
"Venezuela, RB",VEN,2019,99.8
British Virgin Islands,VGB,2019,100.0
Virgin Islands (U.S.),VIR,2019,100.0
Viet Nam,VNM,2019,99.4
Vanuatu,VUT,2019,64.5
World,WLD,2019,90.1083920202658
Samoa,WSM,2019,99.2
"Yemen, Rep.",YEM,2019,72.8
South Africa,ZAF,2019,85.0
Zambia,ZMB,2019,43.0
Zimbabwe,ZWE,2019,46.7
Aruba,ABW,2020,100.0
Africa Eastern and Southern,AFE,2020,46.2823709455637
Afghanistan,AFG,2020,97.7
Africa Western and Central,AFW,2020,51.8560428463068
Angola,AGO,2020,47.0
Albania,ALB,2020,100.0
Andorra,AND,2020,100.0
Arab World,ARB,2020,90.2417769685806
United Arab Emirates,ARE,2020,100.0
Argentina,ARG,2020,100.0
Armenia,ARM,2020,100.0
Antigua and Barbuda,ATG,2020,100.0
Australia,AUS,2020,100.0
Austria,AUT,2020,100.0
Azerbaijan,AZE,2020,100.0
Burundi,BDI,2020,9.1
Belgium,BEL,2020,100.0
Benin,BEN,2020,41.0
Burkina Faso,BFA,2020,18.5
Bangladesh,BGD,2020,96.2
Bulgaria,BGR,2020,99.7
Bahrain,BHR,2020,100.0
"Bahamas, The",BHS,2020,100.0
Bosnia and Herzegovina,BIH,2020,100.0
Belarus,BLR,2020,100.0
Belize,BLZ,2020,96.8
Bermuda,BMU,2020,100.0
Bolivia,BOL,2020,97.2
Brazil,BRA,2020,99.7
Barbados,BRB,2020,100.0
Brunei Darussalam,BRN,2020,100.0
Bhutan,BTN,2020,100.0
Botswana,BWA,2020,71.8
Central African Republic,CAF,2020,15.4
Canada,CAN,2020,100.0
Central Europe and the Baltics,CEB,2020,99.98058396497
Switzerland,CHE,2020,100.0
Channel Islands,CHI,2020,100.0
Chile,CHL,2020,100.0
China,CHN,2020,100.0
Cote d'Ivoire,CIV,2020,69.9
Cameroon,CMR,2020,64.3
"Congo, Dem. Rep.",COD,2020,20.1
"Congo, Rep.",COG,2020,48.7
Colombia,COL,2020,99.7
Comoros,COM,2020,85.6
Cabo Verde,CPV,2020,93.7
Costa Rica,CRI,2020,99.9
Caribbean small states,CSS,2020,97.9333626877032
Cuba,CUB,2020,99.9
Curacao,CUW,2020,100.0
Cayman Islands,CYM,2020,100.0
Cyprus,CYP,2020,100.0
Czechia,CZE,2020,100.0
Germany,DEU,2020,100.0
Djibouti,DJI,2020,64.5
Dominica,DMA,2020,100.0
Denmark,DNK,2020,100.0
Dominican Republic,DOM,2020,100.0
Algeria,DZA,2020,99.7
East Asia & Pacific (excluding high income),EAP,2020,97.5651849682476
Early-demographic dividend,EAR,2020,93.4557810564296
East Asia & Pacific,EAS,2020,97.7976042617313
Europe & Central Asia (excluding high income),ECA,2020,99.9774302018769
Europe & Central Asia,ECS,2020,99.9760274293183
Ecuador,ECU,2020,98.9
"Egypt, Arab Rep.",EGY,2020,100.0
Euro area,EMU,2020,100.0
Eritrea,ERI,2020,51.4
Spain,ESP,2020,100.0
Estonia,EST,2020,100.0
Ethiopia,ETH,2020,51.1
European Union,EUU,2020,99.9956022901904
Fragile and conflict affected situations,FCS,2020,56.3010490504136
Finland,FIN,2020,100.0
Fiji,FJI,2020,97.1
France,FRA,2020,100.0
Faroe Islands,FRO,2020,100.0
"Micronesia, Fed. Sts.",FSM,2020,81.9
Gabon,GAB,2020,91.1
United Kingdom,GBR,2020,100.0
Georgia,GEO,2020,100.0
Ghana,GHA,2020,85.4
Gibraltar,GIB,2020,100.0
Guinea,GIN,2020,44.7
"Gambia, The",GMB,2020,62.2
Guinea-Bissau,GNB,2020,33.4
Equatorial Guinea,GNQ,2020,66.7
Greece,GRC,2020,100.0
Grenada,GRD,2020,93.4
Greenland,GRL,2020,100.0
Guatemala,GTM,2020,96.6
Guam,GUM,2020,100.0
Guyana,GUY,2020,92.3
High income,HIC,2020,99.9683059772885
"Hong Kong SAR, China",HKG,2020,100.0
Honduras,HND,2020,93.1
Heavily indebted poor countries (HIPC),HPC,2020,46.3405988685198
Croatia,HRV,2020,100.0
Haiti,HTI,2020,46.3
Hungary,HUN,2020,100.0
IBRD only,IBD,2020,98.0570730806839
IDA & IBRD total,IBT,2020,88.9116377393905
IDA total,IDA,2020,63.9370743593769
IDA blend,IDB,2020,74.4924621989682
Indonesia,IDN,2020,97.0
IDA only,IDX,2020,58.2365188467346
Isle of Man,IMN,2020,100.0
India,IND,2020,96.5
Ireland,IRL,2020,100.0
"Iran, Islamic Rep.",IRN,2020,100.0
Iraq,IRQ,2020,100.0
Iceland,ISL,2020,100.0
Israel,ISR,2020,100.0
Italy,ITA,2020,100.0
Jamaica,JAM,2020,99.7
Jordan,JOR,2020,99.9
Japan,JPN,2020,100.0
Kazakhstan,KAZ,2020,100.0
Kenya,KEN,2020,71.5
Kyrgyz Republic,KGZ,2020,99.9
Cambodia,KHM,2020,86.4
Kiribati,KIR,2020,91.0
St. Kitts and Nevis,KNA,2020,100.0
"Korea, Rep.",KOR,2020,100.0
Kuwait,KWT,2020,100.0
Latin America & Caribbean (excluding high income),LAC,2020,97.9857774825804
Lao PDR,LAO,2020,99.3
Lebanon,LBN,2020,100.0
Liberia,LBR,2020,27.6
Libya,LBY,2020,69.4
St. Lucia,LCA,2020,100.0
Latin America & Caribbean,LCN,2020,98.1499942926253
Least developed countries: UN classification,LDC,2020,54.4736840146264
Low income,LIC,2020,41.7368456716846
Liechtenstein,LIE,2020,100.0
Sri Lanka,LKA,2020,100.0
Lower middle income,LMC,2020,88.3804143922632
Low & middle income,LMY,2020,89.015749732089
Lesotho,LSO,2020,47.5
Late-demographic dividend,LTE,2020,99.3868589990754
Lithuania,LTU,2020,100.0
Luxembourg,LUX,2020,100.0
Latvia,LVA,2020,100.0
"Macao SAR, China",MAC,2020,100.0
St. Martin (French part),MAF,2020,100.0
Morocco,MAR,2020,100.0
Monaco,MCO,2020,100.0
Moldova,MDA,2020,100.0
Madagascar,MDG,2020,32.0
Maldives,MDV,2020,100.0
"Middle East, North Africa, Afghanistan & Pakistan",MEA,2020,96.2621204422818
Mexico,MEX,2020,99.4
Marshall Islands,MHL,2020,98.3
Middle income,MIC,2020,93.6244047915351
North Macedonia,MKD,2020,100.0
Mali,MLI,2020,50.6
Malta,MLT,2020,100.0
Myanmar,MMR,2020,70.4
"Middle East, North Africa, Afghanistan & Pakistan (excluding high income)",MNA,2020,95.9173702775193
Montenegro,MNE,2020,99.9
Mongolia,MNG,2020,99.5
Northern Mariana Islands,MNP,2020,100.0
Mozambique,MOZ,2020,30.6
Mauritania,MRT,2020,45.4
Mauritius,MUS,2020,99.5
Malawi,MWI,2020,11.5
Malaysia,MYS,2020,100.0
North America,NAC,2020,100.0
Namibia,NAM,2020,52.3
New Caledonia,NCL,2020,100.0
Niger,NER,2020,18.7
Nigeria,NGA,2020,55.4
Nicaragua,NIC,2020,86.0
Netherlands,NLD,2020,100.0
Norway,NOR,2020,100.0
Nepal,NPL,2020,89.9
Nauru,NRU,2020,100.0
New Zealand,NZL,2020,100.0
OECD members,OED,2020,99.9329794930067
Oman,OMN,2020,100.0
Other small states,OSS,2020,92.8384985004429
Pakistan,PAK,2020,94.5
Panama,PAN,2020,95.3
Peru,PER,2020,96.2
Philippines,PHL,2020,96.4
Palau,PLW,2020,100.0
Papua New Guinea,PNG,2020,20.5
Poland,POL,2020,100.0
Pre-demographic dividend,PRE,2020,48.3865766205334
Puerto Rico (US),PRI,2020,100.0
"Korea, Dem. People's Rep.",PRK,2020,50.5
Portugal,PRT,2020,100.0
Paraguay,PRY,2020,99.7
West Bank and Gaza,PSE,2020,100.0
Pacific island small states,PSS,2020,86.1939811336602
Post-demographic dividend,PST,2020,99.9972400863322
French Polynesia,PYF,2020,100.0
Qatar,QAT,2020,100.0
Romania,ROU,2020,100.0
Russian Federation,RUS,2020,99.9
Rwanda,RWA,2020,45.2
South Asia,SAS,2020,96.4013617397441
Saudi Arabia,SAU,2020,100.0
Sudan,SDN,2020,59.7
Senegal,SEN,2020,64.3
Singapore,SGP,2020,100.0
Solomon Islands,SLB,2020,72.9
Sierra Leone,SLE,2020,26.3
El Salvador,SLV,2020,99.7
San Marino,SMR,2020,100.0
"Somalia, Fed. Rep.",SOM,2020,49.9
Serbia,SRB,2020,100.0
Sub-Saharan Africa (excluding high income),SSA,2020,48.2508517332199
South Sudan,SSD,2020,7.3
Sub-Saharan Africa,SSF,2020,48.5450389491045
Small states,SST,2020,93.1195945831784
Sao Tome and Principe,STP,2020,76.8
Suriname,SUR,2020,98.4
Slovak Republic,SVK,2020,100.0
Slovenia,SVN,2020,100.0
Sweden,SWE,2020,100.0
Eswatini,SWZ,2020,80.0
Sint Maarten (Dutch part),SXM,2020,100.0
Seychelles,SYC,2020,100.0
Syrian Arab Republic,SYR,2020,89.0
Turks and Caicos Islands,TCA,2020,99.4
Chad,TCD,2020,10.9
East Asia & Pacific (IDA & IBRD countries),TEA,2020,98.1521712499121
Europe & Central Asia (IDA & IBRD countries),TEC,2020,99.9520668153849
Togo,TGO,2020,54.1
Thailand,THA,2020,100.0
Tajikistan,TJK,2020,99.5
Turkmenistan,TKM,2020,100.0
Latin America & the Caribbean (IDA & IBRD countries),TLA,2020,98.106453253093
Timor-Leste,TLS,2020,96.0
"Middle East, North Africa, Afghanistan & Pakistan (IDA & IBRD)",TMN,2020,95.8888561743117
Tonga,TON,2020,99.9
South Asia (IDA & IBRD),TSA,2020,96.4013617397441
Sub-Saharan Africa (IDA & IBRD countries),TSS,2020,48.5450389491045
Trinidad and Tobago,TTO,2020,100.0
Tunisia,TUN,2020,99.9
Turkiye,TUR,2020,100.0
Tuvalu,TUV,2020,99.4
Tanzania,TZA,2020,39.9
Uganda,UGA,2020,42.1
Ukraine,UKR,2020,100.0
Upper middle income,UMC,2020,99.2175769160247
Uruguay,URY,2020,100.0
United States,USA,2020,100.0
Uzbekistan,UZB,2020,100.0
St. Vincent and the Grenadines,VCT,2020,100.0
"Venezuela, RB",VEN,2020,99.9
British Virgin Islands,VGB,2020,100.0
Virgin Islands (U.S.),VIR,2020,100.0
Viet Nam,VNM,2020,99.8
Vanuatu,VUT,2020,67.3
World,WLD,2020,90.3956876080963
Samoa,WSM,2020,100.0
"Yemen, Rep.",YEM,2020,73.9
South Africa,ZAF,2020,90.0
Zambia,ZMB,2020,44.6
Zimbabwe,ZWE,2020,52.7
Aruba,ABW,2021,100.0
Africa Eastern and Southern,AFE,2021,48.1272110400485
Afghanistan,AFG,2021,97.7
Africa Western and Central,AFW,2021,54.368598708444
Angola,AGO,2021,48.2
Albania,ALB,2021,100.0
Andorra,AND,2021,100.0
Arab World,ARB,2021,90.4340947732985
United Arab Emirates,ARE,2021,100.0
Argentina,ARG,2021,100.0
Armenia,ARM,2021,100.0
Antigua and Barbuda,ATG,2021,100.0
Australia,AUS,2021,100.0
Austria,AUT,2021,100.0
Azerbaijan,AZE,2021,100.0
Burundi,BDI,2021,10.2
Belgium,BEL,2021,100.0
Benin,BEN,2021,42.0
Burkina Faso,BFA,2021,19.0
Bangladesh,BGD,2021,99.0
Bulgaria,BGR,2021,99.8
Bahrain,BHR,2021,100.0
"Bahamas, The",BHS,2021,100.0
Bosnia and Herzegovina,BIH,2021,100.0
Belarus,BLR,2021,100.0
Belize,BLZ,2021,97.7
Bermuda,BMU,2021,100.0
Bolivia,BOL,2021,98.6
Brazil,BRA,2021,99.5
Barbados,BRB,2021,100.0
Brunei Darussalam,BRN,2021,100.0
Bhutan,BTN,2021,100.0
Botswana,BWA,2021,73.7
Central African Republic,CAF,2021,15.7
Canada,CAN,2021,100.0
Central Europe and the Baltics,CEB,2021,99.9870121182289
Switzerland,CHE,2021,100.0
Channel Islands,CHI,2021,100.0
Chile,CHL,2021,100.0
China,CHN,2021,100.0
Cote d'Ivoire,CIV,2021,71.1
Cameroon,CMR,2021,65.4
"Congo, Dem. Rep.",COD,2021,20.8
"Congo, Rep.",COG,2021,49.7
Colombia,COL,2021,100.0
Comoros,COM,2021,87.9
Cabo Verde,CPV,2021,95.5
Costa Rica,CRI,2021,100.0
Caribbean small states,CSS,2021,98.1746990902549
Cuba,CUB,2021,100.0
Curacao,CUW,2021,100.0
Cayman Islands,CYM,2021,100.0
Cyprus,CYP,2021,100.0
Czechia,CZE,2021,100.0
Germany,DEU,2021,100.0
Djibouti,DJI,2021,65.4
Dominica,DMA,2021,100.0
Denmark,DNK,2021,100.0
Dominican Republic,DOM,2021,98.1
Algeria,DZA,2021,99.8
East Asia & Pacific (excluding high income),EAP,2021,97.9599209910295
Early-demographic dividend,EAR,2021,95.2423338887017
East Asia & Pacific,EAS,2021,98.1534049450822
Europe & Central Asia (excluding high income),ECA,2021,99.9616464835516
Europe & Central Asia,ECS,2021,99.9881931172392
Ecuador,ECU,2021,100.0
"Egypt, Arab Rep.",EGY,2021,100.0
Euro area,EMU,2021,100.0
Eritrea,ERI,2021,52.5
Spain,ESP,2021,100.0
Estonia,EST,2021,100.0
Ethiopia,ETH,2021,54.2
European Union,EUU,2021,99.9970834145942
Fragile and conflict affected situations,FCS,2021,57.8332255929662
Finland,FIN,2021,100.0
Fiji,FJI,2021,92.1
France,FRA,2021,100.0
Faroe Islands,FRO,2021,100.0
"Micronesia, Fed. Sts.",FSM,2021,83.6
Gabon,GAB,2021,91.8
United Kingdom,GBR,2021,100.0
Georgia,GEO,2021,100.0
Ghana,GHA,2021,86.3
Gibraltar,GIB,2021,100.0
Guinea,GIN,2021,46.8
"Gambia, The",GMB,2021,63.7
Guinea-Bissau,GNB,2021,35.8
Equatorial Guinea,GNQ,2021,66.8
Greece,GRC,2021,100.0
Grenada,GRD,2021,93.7
Greenland,GRL,2021,100.0
Guatemala,GTM,2021,97.9
Guam,GUM,2021,100.0
Guyana,GUY,2021,92.9
High income,HIC,2021,99.9798909354785
"Hong Kong SAR, China",HKG,2021,100.0
Honduras,HND,2021,94.1
Heavily indebted poor countries (HIPC),HPC,2021,48.0199412207435
Croatia,HRV,2021,100.0
Haiti,HTI,2021,47.2
Hungary,HUN,2021,100.0
IBRD only,IBD,2021,99.1094167920247
IDA & IBRD total,IBT,2021,90.0199738356034
IDA total,IDA,2021,65.598211852635
IDA blend,IDB,2021,76.4698873250238
Indonesia,IDN,2021,99.2
IDA only,IDX,2021,59.7411600659608
Isle of Man,IMN,2021,100.0
India,IND,2021,99.6
Ireland,IRL,2021,100.0
"Iran, Islamic Rep.",IRN,2021,100.0
Iraq,IRQ,2021,100.0
Iceland,ISL,2021,100.0
Israel,ISR,2021,100.0
Italy,ITA,2021,100.0
Jamaica,JAM,2021,100.0
Jordan,JOR,2021,99.9
Japan,JPN,2021,100.0
Kazakhstan,KAZ,2021,100.0
Kenya,KEN,2021,76.5
Kyrgyz Republic,KGZ,2021,99.7
Cambodia,KHM,2021,82.5
Kiribati,KIR,2021,92.8
St. Kitts and Nevis,KNA,2021,100.0
"Korea, Rep.",KOR,2021,100.0
Kuwait,KWT,2021,100.0
Latin America & Caribbean (excluding high income),LAC,2021,98.1210875680183
Lao PDR,LAO,2021,100.0
Lebanon,LBN,2021,100.0
Liberia,LBR,2021,29.8
Libya,LBY,2021,70.2
St. Lucia,LCA,2021,100.0
Latin America & Caribbean,LCN,2021,98.2756305609279
Least developed countries: UN classification,LDC,2021,56.1055373553461
Low income,LIC,2021,43.015465793649
Liechtenstein,LIE,2021,100.0
Sri Lanka,LKA,2021,100.0
Lower middle income,LMC,2021,90.555734236785
Low & middle income,LMY,2021,90.1519963114906
Lesotho,LSO,2021,50.4
Late-demographic dividend,LTE,2021,99.4116181588713
Lithuania,LTU,2021,100.0
Luxembourg,LUX,2021,100.0
Latvia,LVA,2021,100.0
"Macao SAR, China",MAC,2021,100.0
St. Martin (French part),MAF,2021,100.0
Morocco,MAR,2021,100.0
Monaco,MCO,2021,100.0
Moldova,MDA,2021,100.0
Madagascar,MDG,2021,35.1
Maldives,MDV,2021,100.0
"Middle East, North Africa, Afghanistan & Pakistan",MEA,2021,96.4166690553693
Mexico,MEX,2021,100.0
Marshall Islands,MHL,2021,99.8
Middle income,MIC,2021,94.8333917992069
North Macedonia,MKD,2021,100.0
Mali,MLI,2021,53.4
Malta,MLT,2021,100.0
Myanmar,MMR,2021,72.5
"Middle East, North Africa, Afghanistan & Pakistan (excluding high income)",MNA,2021,96.0956018888668
Montenegro,MNE,2021,99.8
Mongolia,MNG,2021,100.0
Northern Mariana Islands,MNP,2021,100.0
Mozambique,MOZ,2021,31.5
Mauritania,MRT,2021,47.7
Mauritius,MUS,2021,99.6
Malawi,MWI,2021,14.2
Malaysia,MYS,2021,100.0
North America,NAC,2021,100.0
Namibia,NAM,2021,55.2
New Caledonia,NCL,2021,100.0
Niger,NER,2021,18.6
Nigeria,NGA,2021,59.5
Nicaragua,NIC,2021,86.3
Netherlands,NLD,2021,100.0
Norway,NOR,2021,100.0
Nepal,NPL,2021,89.9
Nauru,NRU,2021,100.0
New Zealand,NZL,2021,100.0
OECD members,OED,2021,100.0
Oman,OMN,2021,100.0
Other small states,OSS,2021,93.8560728212473
Pakistan,PAK,2021,94.9
Panama,PAN,2021,95.3
Peru,PER,2021,95.6
Philippines,PHL,2021,97.5
Palau,PLW,2021,100.0
Papua New Guinea,PNG,2021,20.9
Poland,POL,2021,100.0
Pre-demographic dividend,PRE,2021,50.5171178994713
Puerto Rico (US),PRI,2021,100.0
"Korea, Dem. People's Rep.",PRK,2021,52.6
Portugal,PRT,2021,100.0
Paraguay,PRY,2021,100.0
West Bank and Gaza,PSE,2021,100.0
Pacific island small states,PSS,2021,85.6708178235478
Post-demographic dividend,PST,2021,99.9988344256857
French Polynesia,PYF,2021,100.0
Qatar,QAT,2021,100.0
Romania,ROU,2021,100.0
Russian Federation,RUS,2021,100.0
Rwanda,RWA,2021,48.7
South Asia,SAS,2021,99.3693129133951
Saudi Arabia,SAU,2021,100.0
Sudan,SDN,2021,61.8
Senegal,SEN,2021,68.0
Singapore,SGP,2021,100.0
Solomon Islands,SLB,2021,76.3
Sierra Leone,SLE,2021,27.5
El Salvador,SLV,2021,97.9
San Marino,SMR,2021,100.0
"Somalia, Fed. Rep.",SOM,2021,49.3
Serbia,SRB,2021,100.0
Sub-Saharan Africa (excluding high income),SSA,2021,50.2501732333213
South Sudan,SSD,2021,7.7
Sub-Saharan Africa,SSF,2021,50.6566448640617
Small states,SST,2021,93.7468179373385
Sao Tome and Principe,STP,2021,78.5
Suriname,SUR,2021,98.8
Slovak Republic,SVK,2021,100.0
Slovenia,SVN,2021,100.0
Sweden,SWE,2021,100.0
Eswatini,SWZ,2021,82.9
Sint Maarten (Dutch part),SXM,2021,100.0
Seychelles,SYC,2021,100.0
Syrian Arab Republic,SYR,2021,88.8
Turks and Caicos Islands,TCA,2021,100.0
Chad,TCD,2021,11.3
East Asia & Pacific (IDA & IBRD countries),TEA,2021,98.5259377999818
Europe & Central Asia (IDA & IBRD countries),TEC,2021,99.9763873001269
Togo,TGO,2021,55.7
Thailand,THA,2021,100.0
Tajikistan,TJK,2021,99.6
Turkmenistan,TKM,2021,100.0
Latin America & the Caribbean (IDA & IBRD countries),TLA,2021,98.2338083621938
Timor-Leste,TLS,2021,100.0
"Middle East, North Africa, Afghanistan & Pakistan (IDA & IBRD)",TMN,2021,96.0681260042218
Tonga,TON,2021,100.0
South Asia (IDA & IBRD),TSA,2021,99.3693129133951
Sub-Saharan Africa (IDA & IBRD countries),TSS,2021,50.6566448640617
Trinidad and Tobago,TTO,2021,100.0
Tunisia,TUN,2021,99.9
Turkiye,TUR,2021,100.0
Tuvalu,TUV,2021,99.7
Tanzania,TZA,2021,42.7
Uganda,UGA,2021,45.2
Ukraine,UKR,2021,100.0
Upper middle income,UMC,2021,99.4356373038317
Uruguay,URY,2021,100.0
United States,USA,2021,100.0
Uzbekistan,UZB,2021,99.9
St. Vincent and the Grenadines,VCT,2021,100.0
"Venezuela, RB",VEN,2021,100.0
British Virgin Islands,VGB,2021,100.0
Virgin Islands (U.S.),VIR,2021,100.0
Viet Nam,VNM,2021,100.0
Vanuatu,VUT,2021,70.0
World,WLD,2021,91.3342664591051
Samoa,WSM,2021,98.3
"Yemen, Rep.",YEM,2021,74.9
South Africa,ZAF,2021,89.3
Zambia,ZMB,2021,46.7
Zimbabwe,ZWE,2021,49.0
Aruba,ABW,2022,99.9
Africa Eastern and Southern,AFE,2022,48.8012579607658
Afghanistan,AFG,2022,85.3
Africa Western and Central,AFW,2022,55.6866829669796
Angola,AGO,2022,48.5
Albania,ALB,2022,100.0
Andorra,AND,2022,100.0
Arab World,ARB,2022,90.6545179070033
United Arab Emirates,ARE,2022,100.0
Argentina,ARG,2022,100.0
Armenia,ARM,2022,100.0
Antigua and Barbuda,ATG,2022,100.0
Australia,AUS,2022,100.0
Austria,AUT,2022,100.0
Azerbaijan,AZE,2022,100.0
Burundi,BDI,2022,10.3
Belgium,BEL,2022,100.0
Benin,BEN,2022,56.5
Burkina Faso,BFA,2022,19.5
Bangladesh,BGD,2022,99.4
Bulgaria,BGR,2022,100.0
Bahrain,BHR,2022,100.0
"Bahamas, The",BHS,2022,100.0
Bosnia and Herzegovina,BIH,2022,100.0
Belarus,BLR,2022,100.0
Belize,BLZ,2022,98.6
Bermuda,BMU,2022,100.0
Bolivia,BOL,2022,99.9
Brazil,BRA,2022,100.0
Barbados,BRB,2022,100.0
Brunei Darussalam,BRN,2022,100.0
Bhutan,BTN,2022,100.0
Botswana,BWA,2022,75.9
Central African Republic,CAF,2022,15.7
Canada,CAN,2022,100.0
Central Europe and the Baltics,CEB,2022,100.0
Switzerland,CHE,2022,100.0
Channel Islands,CHI,2022,100.0
Chile,CHL,2022,100.0
China,CHN,2022,100.0
Cote d'Ivoire,CIV,2022,72.0
Cameroon,CMR,2022,71.0
"Congo, Dem. Rep.",COD,2022,21.5
"Congo, Rep.",COG,2022,50.6
Colombia,COL,2022,100.0
Comoros,COM,2022,89.9
Cabo Verde,CPV,2022,97.1
Costa Rica,CRI,2022,100.0
Caribbean small states,CSS,2022,98.3064221501297
Cuba,CUB,2022,100.0
Curacao,CUW,2022,100.0
Cayman Islands,CYM,2022,100.0
Cyprus,CYP,2022,100.0
Czechia,CZE,2022,100.0
Germany,DEU,2022,100.0
Djibouti,DJI,2022,65.0
Dominica,DMA,2022,100.0
Denmark,DNK,2022,100.0
Dominican Republic,DOM,2022,98.1
Algeria,DZA,2022,100.0
East Asia & Pacific (excluding high income),EAP,2022,98.0273720891056
Early-demographic dividend,EAR,2022,95.1575744950744
East Asia & Pacific,EAS,2022,98.2139059282726
Europe & Central Asia (excluding high income),ECA,2022,99.9915875475848
Europe & Central Asia,ECS,2022,99.9977315530878
Ecuador,ECU,2022,100.0
"Egypt, Arab Rep.",EGY,2022,100.0
Euro area,EMU,2022,100.0
Eritrea,ERI,2022,53.4
Spain,ESP,2022,100.0
Estonia,EST,2022,100.0
Ethiopia,ETH,2022,55.4
European Union,EUU,2022,100.0
Fragile and conflict affected situations,FCS,2022,57.9458706435872
Finland,FIN,2022,100.0
Fiji,FJI,2022,92.0
France,FRA,2022,100.0
Faroe Islands,FRO,2022,100.0
"Micronesia, Fed. Sts.",FSM,2022,85.3
Gabon,GAB,2022,93.5
United Kingdom,GBR,2022,100.0
Georgia,GEO,2022,100.0
Ghana,GHA,2022,85.1
Gibraltar,GIB,2022,100.0
Guinea,GIN,2022,47.7
"Gambia, The",GMB,2022,65.4
Guinea-Bissau,GNB,2022,37.4
Equatorial Guinea,GNQ,2022,67.0
Greece,GRC,2022,100.0
Grenada,GRD,2022,94.2
Greenland,GRL,2022,100.0
Guatemala,GTM,2022,99.1
Guam,GUM,2022,100.0
Guyana,GUY,2022,93.0
High income,HIC,2022,99.9797997493664
"Hong Kong SAR, China",HKG,2022,100.0
Honduras,HND,2022,94.4
Heavily indebted poor countries (HIPC),HPC,2022,48.7171277289384
Croatia,HRV,2022,100.0
Haiti,HTI,2022,49.3
Hungary,HUN,2022,100.0
IBRD only,IBD,2022,98.9686574577803
IDA & IBRD total,IBT,2022,89.9613796377975
IDA total,IDA,2022,66.1569043335558
IDA blend,IDB,2022,77.0721324965067
Indonesia,IDN,2022,100.0
IDA only,IDX,2022,60.2901358794059
Isle of Man,IMN,2022,100.0
India,IND,2022,99.2
Ireland,IRL,2022,100.0
"Iran, Islamic Rep.",IRN,2022,100.0
Iraq,IRQ,2022,100.0
Iceland,ISL,2022,100.0
Israel,ISR,2022,100.0
Italy,ITA,2022,100.0
Jamaica,JAM,2022,100.0
Jordan,JOR,2022,100.0
Japan,JPN,2022,100.0
Kazakhstan,KAZ,2022,100.0
Kenya,KEN,2022,76.0
Kyrgyz Republic,KGZ,2022,99.7
Cambodia,KHM,2022,92.3
Kiribati,KIR,2022,94.4
St. Kitts and Nevis,KNA,2022,100.0
"Korea, Rep.",KOR,2022,100.0
Kuwait,KWT,2022,100.0
Latin America & Caribbean (excluding high income),LAC,2022,98.4626020716217
Lao PDR,LAO,2022,100.0
Lebanon,LBN,2022,100.0
Liberia,LBR,2022,31.8
Libya,LBY,2022,70.0
St. Lucia,LCA,2022,100.0
Latin America & Caribbean,LCN,2022,98.5788786006825
Least developed countries: UN classification,LDC,2022,56.7383129284796
Low income,LIC,2022,43.0060882829376
Liechtenstein,LIE,2022,100.0
Sri Lanka,LKA,2022,100.0
Lower middle income,LMC,2022,90.5768405981587
Low & middle income,LMY,2022,90.0927677222263
Lesotho,LSO,2022,50.0
Late-demographic dividend,LTE,2022,99.4771148303382
Lithuania,LTU,2022,100.0
Luxembourg,LUX,2022,100.0
Latvia,LVA,2022,100.0
"Macao SAR, China",MAC,2022,100.0
St. Martin (French part),MAF,2022,100.0
Morocco,MAR,2022,100.0
Monaco,MCO,2022,100.0
Moldova,MDA,2022,100.0
Madagascar,MDG,2022,36.1
Maldives,MDV,2022,100.0
"Middle East, North Africa, Afghanistan & Pakistan",MEA,2022,95.8637945014964
Mexico,MEX,2022,100.0
Marshall Islands,MHL,2022,100.0
Middle income,MIC,2022,94.8579251685419
North Macedonia,MKD,2022,100.0
Mali,MLI,2022,53.0
Malta,MLT,2022,100.0
Myanmar,MMR,2022,73.6
"Middle East, North Africa, Afghanistan & Pakistan (excluding high income)",MNA,2022,95.483714372763
Montenegro,MNE,2022,100.0
Mongolia,MNG,2022,100.0
Northern Mariana Islands,MNP,2022,100.0
Mozambique,MOZ,2022,33.2
Mauritania,MRT,2022,49.0
Mauritius,MUS,2022,100.0
Malawi,MWI,2022,14.0
Malaysia,MYS,2022,100.0
North America,NAC,2022,100.0
Namibia,NAM,2022,56.2
New Caledonia,NCL,2022,100.0
Niger,NER,2022,19.5
Nigeria,NGA,2022,60.5
Nicaragua,NIC,2022,86.5
Netherlands,NLD,2022,100.0
Norway,NOR,2022,100.0
Nepal,NPL,2022,91.3
Nauru,NRU,2022,100.0
New Zealand,NZL,2022,100.0
OECD members,OED,2022,100.0
Oman,OMN,2022,100.0
Other small states,OSS,2022,93.9605317818207
Pakistan,PAK,2022,95.0
Panama,PAN,2022,95.0
Peru,PER,2022,96.2
Philippines,PHL,2022,94.8
Palau,PLW,2022,100.0
Papua New Guinea,PNG,2022,19.0
Poland,POL,2022,100.0
Pre-demographic dividend,PRE,2022,51.1433191693417
Puerto Rico (US),PRI,2022,100.0
"Korea, Dem. People's Rep.",PRK,2022,54.7
Portugal,PRT,2022,100.0
Paraguay,PRY,2022,100.0
West Bank and Gaza,PSE,2022,100.0
Pacific island small states,PSS,2022,85.7923885063867
Post-demographic dividend,PST,2022,100.0
French Polynesia,PYF,2022,100.0
Qatar,QAT,2022,100.0
Romania,ROU,2022,100.0
Russian Federation,RUS,2022,100.0
Rwanda,RWA,2022,50.6
South Asia,SAS,2022,99.0895114731934
Saudi Arabia,SAU,2022,100.0
Sudan,SDN,2022,63.2
Senegal,SEN,2022,67.9
Singapore,SGP,2022,100.0
Solomon Islands,SLB,2022,76.0
Sierra Leone,SLE,2022,29.4
El Salvador,SLV,2022,100.0
San Marino,SMR,2022,100.0
"Somalia, Fed. Rep.",SOM,2022,48.9
Serbia,SRB,2022,100.0
Sub-Saharan Africa (excluding high income),SSA,2022,51.1489934048537
South Sudan,SSD,2022,8.4
Sub-Saharan Africa,SSF,2022,51.5873775845362
Small states,SST,2022,93.8522236444989
Sao Tome and Principe,STP,2022,78.0
Suriname,SUR,2022,99.0
Slovak Republic,SVK,2022,100.0
Slovenia,SVN,2022,100.0
Sweden,SWE,2022,100.0
Eswatini,SWZ,2022,82.3
Sint Maarten (Dutch part),SXM,2022,100.0
Seychelles,SYC,2022,100.0
Syrian Arab Republic,SYR,2022,89.0
Turks and Caicos Islands,TCA,2022,99.9
Chad,TCD,2022,11.7
East Asia & Pacific (IDA & IBRD countries),TEA,2022,98.5687468444318
Europe & Central Asia (IDA & IBRD countries),TEC,2022,99.9954427619778
Togo,TGO,2022,57.2
Thailand,THA,2022,99.9
Tajikistan,TJK,2022,100.0
Turkmenistan,TKM,2022,100.0
Latin America & the Caribbean (IDA & IBRD countries),TLA,2022,98.5448799242171
Timor-Leste,TLS,2022,99.7
"Middle East, North Africa, Afghanistan & Pakistan (IDA & IBRD)",TMN,2022,95.4516981935493
Tonga,TON,2022,100.0
South Asia (IDA & IBRD),TSA,2022,99.0895114731934
Sub-Saharan Africa (IDA & IBRD countries),TSS,2022,51.5873775845363
Trinidad and Tobago,TTO,2022,100.0
Tunisia,TUN,2022,100.0
Turkiye,TUR,2022,100.0
Tuvalu,TUV,2022,100.0
Tanzania,TZA,2022,45.8
Uganda,UGA,2022,47.1
Ukraine,UKR,2022,100.0
Upper middle income,UMC,2022,99.5088717815517
Uruguay,URY,2022,100.0
United States,USA,2022,100.0
Uzbekistan,UZB,2022,100.0
St. Vincent and the Grenadines,VCT,2022,100.0
"Venezuela, RB",VEN,2022,100.0
British Virgin Islands,VGB,2022,100.0
Virgin Islands (U.S.),VIR,2022,100.0
Viet Nam,VNM,2022,100.0
Vanuatu,VUT,2022,71.6
World,WLD,2022,91.2883104888965
Samoa,WSM,2022,98.3
"Yemen, Rep.",YEM,2022,76.0
South Africa,ZAF,2022,86.5
Zambia,ZMB,2022,47.8
Zimbabwe,ZWE,2022,50.1
Aruba,ABW,2023,100.0
Africa Eastern and Southern,AFE,2023,50.6675157944854
Afghanistan,AFG,2023,85.3
Africa Western and Central,AFW,2023,57.0692665803595
Angola,AGO,2023,51.1
Albania,ALB,2023,100.0
Andorra,AND,2023,100.0
Arab World,ARB,2023,91.6454299444509
United Arab Emirates,ARE,2023,100.0
Argentina,ARG,2023,100.0
Armenia,ARM,2023,100.0
Antigua and Barbuda,ATG,2023,100.0
Australia,AUS,2023,100.0
Austria,AUT,2023,100.0
Azerbaijan,AZE,2023,100.0
Burundi,BDI,2023,11.6
Belgium,BEL,2023,100.0
Benin,BEN,2023,57.0
Burkina Faso,BFA,2023,21.7
Bangladesh,BGD,2023,99.5
Bulgaria,BGR,2023,100.0
Bahrain,BHR,2023,100.0
"Bahamas, The",BHS,2023,100.0
Bosnia and Herzegovina,BIH,2023,100.0
Belarus,BLR,2023,100.0
Belize,BLZ,2023,99.6
Bermuda,BMU,2023,100.0
Bolivia,BOL,2023,99.8
Brazil,BRA,2023,99.8
Barbados,BRB,2023,100.0
Brunei Darussalam,BRN,2023,100.0
Bhutan,BTN,2023,100.0
Botswana,BWA,2023,76.0
Central African Republic,CAF,2023,17.6
Canada,CAN,2023,100.0
Central Europe and the Baltics,CEB,2023,100.0
Switzerland,CHE,2023,100.0
Channel Islands,CHI,2023,100.0
Chile,CHL,2023,100.0
China,CHN,2023,100.0
Cote d'Ivoire,CIV,2023,72.4
Cameroon,CMR,2023,72.0
"Congo, Dem. Rep.",COD,2023,22.1
"Congo, Rep.",COG,2023,51.3
Colombia,COL,2023,98.7
Comoros,COM,2023,89.8
Cabo Verde,CPV,2023,98.6
Costa Rica,CRI,2023,100.0
Caribbean small states,CSS,2023,99.168477538461
Cuba,CUB,2023,100.0
Curacao,CUW,2023,100.0
Cayman Islands,CYM,2023,100.0
Cyprus,CYP,2023,100.0
Czechia,CZE,2023,100.0
Germany,DEU,2023,100.0
Djibouti,DJI,2023,65.2
Dominica,DMA,2023,100.0
Denmark,DNK,2023,100.0
Dominican Republic,DOM,2023,99.6
Algeria,DZA,2023,100.0
East Asia & Pacific (excluding high income),EAP,2023,98.2376383007189
Early-demographic dividend,EAR,2023,95.7044381043822
East Asia & Pacific,EAS,2023,98.4044624957692
Europe & Central Asia (excluding high income),ECA,2023,100.0
Europe & Central Asia,ECS,2023,100.0
Ecuador,ECU,2023,98.7
"Egypt, Arab Rep.",EGY,2023,100.0
Euro area,EMU,2023,100.0
Eritrea,ERI,2023,54.4
Spain,ESP,2023,100.0
Estonia,EST,2023,100.0
Ethiopia,ETH,2023,55.4
European Union,EUU,2023,100.0
Fragile and conflict affected situations,FCS,2023,58.950109305747
Finland,FIN,2023,100.0
Fiji,FJI,2023,99.3
France,FRA,2023,100.0
Faroe Islands,FRO,2023,100.0
"Micronesia, Fed. Sts.",FSM,2023,86.9
Gabon,GAB,2023,94.1
United Kingdom,GBR,2023,100.0
Georgia,GEO,2023,100.0
Ghana,GHA,2023,89.5
Gibraltar,GIB,2023,100.0
Guinea,GIN,2023,51.1
"Gambia, The",GMB,2023,66.9
Guinea-Bissau,GNB,2023,40.5
Equatorial Guinea,GNQ,2023,66.9
Greece,GRC,2023,100.0
Grenada,GRD,2023,94.4
Greenland,GRL,2023,100.0
Guatemala,GTM,2023,100.0
Guam,GUM,2023,100.0
Guyana,GUY,2023,98.9
High income,HIC,2023,99.9884002141209
"Hong Kong SAR, China",HKG,2023,100.0
Honduras,HND,2023,95.6
Heavily indebted poor countries (HIPC),HPC,2023,50.5311127498598
Croatia,HRV,2023,100.0
Haiti,HTI,2023,51.3
Hungary,HUN,2023,100.0
IBRD only,IBD,2023,99.0885820346684
IDA & IBRD total,IBT,2023,90.3146248872835
IDA total,IDA,2023,67.5014937828868
IDA blend,IDB,2023,77.9201343756954
Indonesia,IDN,2023,99.4
IDA only,IDX,2023,61.9201921189084
Isle of Man,IMN,2023,100.0
India,IND,2023,99.5
Ireland,IRL,2023,100.0
"Iran, Islamic Rep.",IRN,2023,100.0
Iraq,IRQ,2023,100.0
Iceland,ISL,2023,100.0
Israel,ISR,2023,100.0
Italy,ITA,2023,100.0
Jamaica,JAM,2023,97.7
Jordan,JOR,2023,100.0
Japan,JPN,2023,100.0
Kazakhstan,KAZ,2023,100.0
Kenya,KEN,2023,76.2
Kyrgyz Republic,KGZ,2023,100.0
Cambodia,KHM,2023,95.0
Kiribati,KIR,2023,95.9
St. Kitts and Nevis,KNA,2023,100.0
"Korea, Rep.",KOR,2023,100.0
Kuwait,KWT,2023,100.0
Latin America & Caribbean (excluding high income),LAC,2023,98.2687443423624
Lao PDR,LAO,2023,96.5
Lebanon,LBN,2023,100.0
Liberia,LBR,2023,32.5
Libya,LBY,2023,73.2
St. Lucia,LCA,2023,100.0
Latin America & Caribbean,LCN,2023,98.4226177260083
Least developed countries: UN classification,LDC,2023,58.4341452966049
Low income,LIC,2023,45.2721918756793
Liechtenstein,LIE,2023,100.0
Sri Lanka,LKA,2023,100.0
Lower middle income,LMC,2023,91.2680749757223
Low & middle income,LMY,2023,90.491567372195
Lesotho,LSO,2023,57.3
Late-demographic dividend,LTE,2023,99.457096381276
Lithuania,LTU,2023,100.0
Luxembourg,LUX,2023,100.0
Latvia,LVA,2023,100.0
"Macao SAR, China",MAC,2023,100.0
St. Martin (French part),MAF,2023,100.0
Morocco,MAR,2023,100.0
Monaco,MCO,2023,100.0
Moldova,MDA,2023,100.0
Madagascar,MDG,2023,39.4
Maldives,MDV,2023,100.0
"Middle East, North Africa, Afghanistan & Pakistan",MEA,2023,96.4226367435274
Mexico,MEX,2023,99.7
Marshall Islands,MHL,2023,100.0
Middle income,MIC,2023,95.1581054427171
North Macedonia,MKD,2023,100.0
Mali,MLI,2023,54.5
Malta,MLT,2023,100.0
Myanmar,MMR,2023,76.8
"Middle East, North Africa, Afghanistan & Pakistan (excluding high income)",MNA,2023,96.0854287468734
Montenegro,MNE,2023,100.0
Mongolia,MNG,2023,100.0
Northern Mariana Islands,MNP,2023,100.0
Mozambique,MOZ,2023,36.0
Mauritania,MRT,2023,50.3
Mauritius,MUS,2023,100.0
Malawi,MWI,2023,15.6
Malaysia,MYS,2023,100.0
North America,NAC,2023,100.0
Namibia,NAM,2023,56.7
New Caledonia,NCL,2023,100.0
Niger,NER,2023,20.1
Nigeria,NGA,2023,61.2
Nicaragua,NIC,2023,88.3
Netherlands,NLD,2023,100.0
Norway,NOR,2023,100.0
Nepal,NPL,2023,94.0
Nauru,NRU,2023,100.0
New Zealand,NZL,2023,100.0
OECD members,OED,2023,99.9229486259415
Oman,OMN,2023,100.0
Other small states,OSS,2023,94.4954692175265
Pakistan,PAK,2023,95.6
Panama,PAN,2023,97.0
Peru,PER,2023,96.2
Philippines,PHL,2023,98.0
Palau,PLW,2023,100.0
Papua New Guinea,PNG,2023,20.5
Poland,POL,2023,100.0
Pre-demographic dividend,PRE,2023,52.5309883201788
Puerto Rico (US),PRI,2023,100.0
"Korea, Dem. People's Rep.",PRK,2023,57.5
Portugal,PRT,2023,100.0
Paraguay,PRY,2023,99.8
West Bank and Gaza,PSE,2023,100.0
Pacific island small states,PSS,2023,88.8705713618501
Post-demographic dividend,PST,2023,100.0
French Polynesia,PYF,2023,100.0
Qatar,QAT,2023,100.0
Romania,ROU,2023,100.0
Russian Federation,RUS,2023,100.0
Rwanda,RWA,2023,63.9
South Asia,SAS,2023,99.4087889697405
Saudi Arabia,SAU,2023,100.0
Sudan,SDN,2023,66.0
Senegal,SEN,2023,74.2
Singapore,SGP,2023,100.0
Solomon Islands,SLB,2023,81.3
Sierra Leone,SLE,2023,35.5
El Salvador,SLV,2023,98.3
San Marino,SMR,2023,100.0
"Somalia, Fed. Rep.",SOM,2023,50.3
Serbia,SRB,2023,100.0
Sub-Saharan Africa (excluding high income),SSA,2023,53.0069667981858
South Sudan,SSD,2023,5.4
Sub-Saharan Africa,SSF,2023,53.2558710664349
Small states,SST,2023,94.7947483488559
Sao Tome and Principe,STP,2023,81.3
Suriname,SUR,2023,99.6
Slovak Republic,SVK,2023,100.0
Slovenia,SVN,2023,100.0
Sweden,SWE,2023,100.0
Eswatini,SWZ,2023,86.4
Sint Maarten (Dutch part),SXM,2023,100.0
Seychelles,SYC,2023,100.0
Syrian Arab Republic,SYR,2023,88.4
Turks and Caicos Islands,TCA,2023,100.0
Chad,TCD,2023,12.0
East Asia & Pacific (IDA & IBRD countries),TEA,2023,98.7474424069608
Europe & Central Asia (IDA & IBRD countries),TEC,2023,100.0
Togo,TGO,2023,59.2
Thailand,THA,2023,100.0
Tajikistan,TJK,2023,100.0
Turkmenistan,TKM,2023,100.0
Latin America & the Caribbean (IDA & IBRD countries),TLA,2023,98.3852491204833
Timor-Leste,TLS,2023,100.0
"Middle East, North Africa, Afghanistan & Pakistan (IDA & IBRD)",TMN,2023,96.0574946837091
Tonga,TON,2023,100.0
South Asia (IDA & IBRD),TSA,2023,99.4087889697405
Sub-Saharan Africa (IDA & IBRD countries),TSS,2023,53.2558710664349
Trinidad and Tobago,TTO,2023,98.7
Tunisia,TUN,2023,100.0
Turkiye,TUR,2023,100.0
Tuvalu,TUV,2023,100.0
Tanzania,TZA,2023,48.3
Uganda,UGA,2023,51.5
Ukraine,UKR,2023,100.0
Upper middle income,UMC,2023,99.4286124139067
Uruguay,URY,2023,100.0
United States,USA,2023,100.0
Uzbekistan,UZB,2023,100.0
St. Vincent and the Grenadines,VCT,2023,100.0
"Venezuela, RB",VEN,2023,100.0
British Virgin Islands,VGB,2023,100.0
Virgin Islands (U.S.),VIR,2023,100.0
Viet Nam,VNM,2023,99.8
Vanuatu,VUT,2023,61.6
World,WLD,2023,91.5991774421992
Samoa,WSM,2023,100.0
"Yemen, Rep.",YEM,2023,83.6
South Africa,ZAF,2023,87.7
Zambia,ZMB,2023,51.1
Zimbabwe,ZWE,2023,62.0
